"Date","ACC.NS","ADANIPORT.NS","AMBUJACEM.NS","ASIANPAIN.NS","AXISBANK.NS","BANKBAROD.NS","BHEL.NS","BPCL.NS","BHARTIART.NS","BOSCHLTD.NS","CAIRN.NS","CIPLA.NS","COALINDIA.NS","DRREDDY.NS","GAIL.NS","GRASIM.NS","HCLTECH.NS","HDFCBANK.NS","HEROMOTOC.NS","HINDALCO.NS","HINDUNILVR.BO","HDFC.NS","ITC.NS","ICICIBANK.NS","IDEA.NS","INDUSINDBK.BO","INFY.NS","KOTAKBANK.NS","LT.NS","LUPIN.NS","M.M.NS","MARUTI.NS","NTPC.NS","ONGC.NS","POWERGRID.NS","PNB.NS","RELIANCE.NS","SBIN.NS","SUNPHARMA.NS","TCS.NS","TATAMTRDVR.BO","TATAPOWER.NS","TATASTEEL.NS","TECHM.NS","ULTRACEMC.NS","VEDL.BO","WIPRO.NS","YESBANK.NS","ZEEL.NS"
"2010-11-08",961.37,147.49,143.0208,192.067,227.28,109.82,383.116,311.289,298.195,6101.04,274.63,321.53,251.26,1683.68,432.7194,2213.1,177.6085,432.93,1556.66,210.5066,274.26,666.286,159.4957,154.67,68.96,273.86,532.0541,236.8199,1298.1194,457.346,22.633448,1412.97,167,280.117,89.89,136.59,1007.784,148.326,223.8342,980.512,135.53,112.99201,533.6633,160.8629,1079.7,297.71429,387.357,327.7,137.005
"2010-11-15",907.7,141.13,131.4258,191.87,210.93,104.7,361.346,303.704,320.544,6293.38,257.82,334.36,261.78,1710.293,436.9966,2133.36,166.3769,430.82,1658.99,200.5993,271.67,647.025,156.8351,148,73.28,256.58,526.0106,228.7203,1278.369,478.668,22.65151,1365.27,160,271.2929,92.01,132.58,945.525,146.5692,213.542,942.904,124.11,107.74415,532.8281,150.0736,1074.17,296.06277,365.174,304.08,135.955
"2010-11-22",893.45,137.24,125.2899,185.401,202.74,99.99,336.265,284.548,325.765,6188.94,243.49,331.72,245.42,1726.377,434.4125,2168.6,172.9967,429.75,1652.21,188.7577,266.85,637.347,153.8076,144.84,69.11,274.93,539.8987,228.3736,1208.8219,478.327,23.482428,1327.97,153.79,266.4296,87.09,118.71,913.351,140.2869,215.1232,972.479,120.23,105.95033,526.454,138.0024,1099.57,267.27332,371.232,290.19,135.001
"2010-11-29",874.16,142.83,124.6131,194.304,214.2,107.24,354.819,287.169,337.281,6183.53,267.59,361.13,252.68,1765.789,432.8976,2273.08,186.9865,448.04,1569.45,203.1941,272.3,646.978,157.1562,152.22,69.56,281.1,554.6202,240.6839,1261.3707,482.903,22.633448,1360.61,160.87,283.316,90.11,131.35,954.683,150.4798,214.4724,1019.003,131.28,105.96225,540.3011,147.7544,1086.8,271.11194,389.544,311.78,141.682
"2010-12-06",957.76,142.39,128.1322,193.911,201.62,98.39,366.887,290.088,323.033,5969.18,273.02,338.89,249.03,1746.856,438.9571,2236.24,190.5612,415.63,1523.17,203.1469,268.71,622.134,156.2388,143.93,69.16,250.99,558.0363,233.9219,1212.9403,441.33,23.021811,1372.9,167.17,283.8313,86.77,123.62,971.767,133.9016,216.4489,998.155,123.35,105.31381,544.2134,141.8014,1073.69,265.62183,410.815,277.53,138.341
"2010-12-13",957.76,143.8,124.5229,196.931,199.45,99.9,370.27,296.395,335.476,6086.68,272.61,349.23,251.69,1727.971,445.5512,2169.56,196.6734,411.59,1434.78,211.5917,267.75,640.651,153.9911,141.28,67.48,242.3,584.4898,228.8937,1234.9371,442.985,23.429037,1333.8,171.6,285.5377,86.77,124.95,1003.893,135.3963,217.3648,1061.393,128.6,106.54089,580.6116,147.8649,1042.27,262.9884,428.215,282.54,138.675
"2010-12-20",957.63,139.62,127.1396,210.147,201.38,99.7,366.59,286.572,340.209,6077.53,271.82,354.74,244.98,1626.589,457.8039,2202.83,200.8218,414.89,1647.14,226.0752,268.57,650.328,155.8718,144.07,69.61,241.81,598.1286,223.3949,1223.2087,443.131,22.768427,1351.77,172.25,277.9812,88.26,125.3,1005.744,135.0238,228.1631,1059.629,127.53,106.9519,591.5134,152.2824,1028.08,281.73502,440.423,290.99,132.567
"2010-12-27",958.12,139.91,129.215,209.488,205.66,100.25,372.644,280.585,350.164,6135.71,275.59,360.69,247.02,1606.303,458.6091,2258.95,201.3514,438.82,1696.24,233.0575,284.03,677.731,160.2296,147.54,68.96,256.25,611.0143,224.7325,1235.0963,469.711,22.895119,1381.01,174.34,276.5745,88.76,125.98,1004.795,137.795,233.7792,1082.426,123.06,112.13765,598.1953,155.1422,1061.11,293.16153,447.529,295.58,140.536
"2011-01-03",892.83,143.02,116.2665,201.996,195.08,94.91,367.255,262.92,330.352,6264.95,281.72,348.21,242.59,1615.77,469.1652,2305.23,205.3233,424.43,1603.84,220.1308,283.99,636.37,158.2571,135.18,66.88,223.38,598.2358,215.5926,1152.0981,461.192,21.094278,1302.27,171.21,258.8936,88.35,120.48,1011.154,127.4576,237.8286,1061.068,114.02,114.08379,581.3589,156.3129,966.67,296.01816,434.501,255.37,129.322
"2011-01-10",894.25,135.2,115.4995,198.369,183.04,92.47,351.98,253.076,335.476,6136.54,278.07,331.14,243.69,1595.291,435.4393,2369.79,207.6843,383.31,1548.55,217.0171,275.21,597.15,156.4681,130.03,67.13,220.72,568.6942,197.0155,1067.1063,447.318,20.886141,1233.45,162,253.1406,88.13,115.37,950.507,122.5498,228.8862,1040.175,113.04,111.89938,547.2906,149.676,998.92,291.46539,421.884,245.83,112.286
"2011-01-24",883.79,135.49,115.4544,187.686,190.94,93.28,345.133,269.526,319.373,5905.35,270.82,326.85,239.41,1510.139,406.6784,2220.48,219.4595,384.19,1413.66,210.9312,247.79,600.406,154.2663,131.22,69.61,208.22,562.278,188.0243,1002.988,408.179,20.804695,1194.25,166.78,243.2318,87.18,112.76,866.513,128.3985,216.3524,1098.84,106.78,103.73273,560.4783,144.6834,976.6,295.12546,400.446,244.27,111.379
"2011-01-31",868.24,131.07,108.8222,180.929,186.24,93.04,350.834,250.775,324.497,5911.19,267.35,316.31,241.84,1527.14,405.2917,2216.47,213.6983,377.36,1311.5,223.1974,247.88,562.163,140.3672,128.33,69.36,211.84,540.9365,178.2156,979.7463,411.538,20.650854,1149.17,156.32,255.8561,87.86,109.2,873.157,129.6554,200.8057,1068.563,109.33,97.25353,559.0717,140.189,985.36,284.68091,399.622,248.19,109.661
"2011-02-07",868.78,134.57,106.344,181.824,186.1,95.79,326.498,248.431,311.224,5824.95,269.87,303.49,239.06,1446.335,398.8508,2147.48,208.8713,385.13,1253.74,199.0424,244.56,579.842,142.2938,128.92,63.11,204.75,539.6857,187.306,971.0412,399.271,22.279757,1147.62,156.23,237.9288,87.5,106.59,863.619,127.0484,201.6252,1013.498,109.42,98.50954,523.3768,126.2739,895.28,262.40814,384.569,242.99,108.039
"2011-02-14",876.66,140.66,113.4671,189.141,197.54,100.67,336.144,252.181,323.374,5850.71,261.8,299.68,240.05,1485.071,396.167,2210.88,203.5773,406.98,1249.81,197.7686,253.98,599.104,142.8901,132.22,62.97,218.74,550.2365,202.3657,1022.8694,393.04,21.492455,1193.62,158.17,230.5002,89.05,112.89,887.915,135.3032,205.4095,1013.591,106.57,103.86378,561.1816,145.8434,925.91,277.2269,395.962,268.36,113.908
"2011-02-28",879.42,129.45,112.5082,182.53,202.34,98.75,334.428,247.174,319.08,5900.77,290.83,296.66,257.43,1518.446,407.3046,2217.97,205.9129,414.86,1311.16,198.1932,260.89,634.137,158.1654,130.95,59.79,230.57,543.4745,207.6664,1005.1783,386.712,21.139526,1274.59,158.26,230.8867,89.86,111.48,932.19,132.5393,208.4224,1056.239,103.42,100.52206,543.5101,151.3538,988.2,246.07178,403.923,260.19,118.155
"2011-03-07",884.1,128.28,114.8369,184.087,192.8,99.73,315.81,232.62,314.786,5845.7,282.42,287.98,261.96,1532.598,395.7644,2268.01,202.3761,408.89,1305.48,194.136,252.79,614.504,157.2021,129.73,60.14,232.16,542.0014,208.1865,961.9897,377.462,21.529016,1215.13,154.29,241.9651,89,110.47,941.538,125.7032,202.734,1001.824,103.59,98.85503,511.0683,161.3267,993.09,240.8495,411.152,252.16,114.29
"2011-03-14",909.57,130.57,120.9554,185.299,193.34,100.13,318.902,238.16,310.98,5800.41,286.52,285.83,273.43,1442.954,400.6847,2348,200.3296,401.96,1257.15,185.6912,244.2,577.19,154.0828,129.17,60.14,234.57,521.9819,209.3755,946.1427,381.99,20.848866,1123.19,153.93,232.0031,88.91,112.27,942.44,126.9332,209.5553,1007.126,98.24,100.87946,525.0473,155.683,1014.62,231.74402,402.55,259.15,113.479
"2011-03-21",924.45,134.47,126.1608,184.058,207.92,103.74,347.024,252.458,331.523,6019.82,291.03,300.02,284.31,1495.504,410.2567,2390.47,209.6499,423.61,1272.29,194.9852,246.47,617.574,162.7984,140.58,63.66,244.13,561.3735,224.5839,997.4373,395.377,21.247889,1148.54,161.58,236.9411,89.09,117.82,974.329,132.8432,220.7875,1041.449,106.05,107.13657,541.1364,162.7076,1028.03,249.0177,417.192,283.01,118.203
"2011-03-28",984.89,137.59,134.0601,183.425,214.44,105.74,353.124,258.211,346.748,6485.14,293.48,311.97,275.42,1562.882,414.6849,2440.42,207.8259,436.46,1367.42,202.1562,258.34,658.982,167.4315,142.1,67.28,256.39,571.1519,223.4197,1027.793,406.135,22.082205,1234.81,166.83,251.6695,95.17,121.6,983.63,133.2695,214.6652,1097.723,110.52,108.17984,550.8952,153.1871,1087.53,265.26477,435.631,294.87,119.348
"2011-04-04",1011.04,150.51,136.3888,186.321,220.83,107.9,365.363,256.592,353.189,6359.12,286.81,310.22,282.05,1574.522,421.4838,2446.98,215.6558,439.95,1419.21,197.2025,251.34,661.261,168.5782,141.51,65.15,262.04,572.7762,219.0355,1047.3934,399.904,22.5175,1218.05,162.33,246.8602,95.22,122.55,971.767,136.146,212.9056,1112.466,110.89,108.15517,553.7086,163.9436,1068.5,279.59256,426.023,300.87,117.296
"2011-04-11",1004.32,142.37,137.5303,190.724,217.82,110,369.753,255.441,363.436,6195.75,281.01,313.73,283.79,1597.996,419.8288,2431.74,214.7438,441.95,1562.8,198.3348,250.79,657.586,175.6884,141.95,66.19,270,530.5718,223.8903,1078.0953,400.05,22.127548,1221.3,163.78,245.6579,95.35,122.85,968.967,137.6113,211.9897,1108.188,107.56,107.28038,554.4119,161.7464,1047.7,282.13672,411.61,312.16,118.919
"2011-04-18",1003.51,143.44,138.6262,188.574,220.5,109.37,341.83,263.155,367.145,6255.16,287.35,313,287.64,1600.459,424.1228,2336.19,230.8929,450.84,1587.69,207.8647,262.66,681.314,174.6333,143.96,66.93,265.27,516.4623,228.8442,1066.3574,401.169,21.909901,1273.28,165.68,260.6439,94.95,123.71,986.335,140.2085,215.0027,1102.374,109.44,109.28779,553.9284,158.8971,993.19,287.40366,423.826,300.06,127.747
"2011-04-25",1003.78,140.81,144.4707,201.913,195.99,101.95,332.029,268.29,370.902,6472.87,289.09,301.88,302.13,1607.318,425.3305,2364.78,233.6726,429.31,1519.11,203.8546,259.39,657.679,176.4682,143.59,68.32,251.03,515.7964,213.0661,995.6588,429.209,21.683184,1280.03,161.05,264.3367,94.9,122.18,933.661,137.4373,224.5235,1084.236,106.62,107.11614,542.0155,151.6083,1065.9,279.94962,412.067,288.35,128.606
"2011-05-02",892.74,128.96,128.0785,196.495,191.66,97.34,342.079,283.845,342.503,6461.08,278.36,298.02,293.56,1551.773,402.608,2249.93,224.3248,429.63,1568.46,190.3146,249.84,618.598,168.4406,139.64,63.71,242.25,513.4451,214.1312,964.7979,408.374,23.651085,1237.14,154.42,262.1468,93.58,113.39,914.139,129.8563,212.6164,1068.703,104.16,100.89989,522.6735,147.8534,1023.28,259.19443,404.884,283.72,126.936
"2011-05-09",899.64,135.12,124.4257,201.461,189.6,98.78,337.083,281.437,358.898,6614.42,280.31,300.61,307.13,1595.484,410.7487,2262.18,226.2975,420.99,1597.29,186.7762,278.71,599.895,173.3948,138.26,66.78,242.92,510.8455,208.0379,953.8182,428.527,25.809425,1187.55,154.64,261.6315,92,111.67,907.391,129.8441,205.988,1048.379,110.29,101.03944,522.2339,148.615,1028.42,264.77377,404.975,279.56,125.457
"2011-05-16",895.49,144.65,119.5856,211.748,185.98,93.67,344.875,266.649,364.851,6736.43,281.51,307.73,289.75,1546.46,381.2722,2177.52,226.8355,433.08,1606.84,181.2565,281.99,613.061,171.1471,134.41,66.88,240.7,505.7873,206.5518,1031.0409,427.164,25.963594,1188.27,152.65,235.2665,91.68,106.55,883.654,130.5806,211.7487,1092.933,104.85,101.52789,509.5297,142.8174,1011.83,262.36349,409.368,265.05,126.697
"2011-05-23",902.21,149.25,124.106,218.778,185.93,93.84,321.457,267.693,363.924,6696.37,287.18,311,307.97,1506.468,388.8761,2169.51,228.0908,430.83,1643.79,186.3988,275.08,610.689,173.3489,137.63,66.68,250.36,509.3328,217.0292,1022.3358,433.395,26.217518,1186.82,148.55,242.9957,88.64,110.98,904.951,125.7523,214.4965,1064.61,95.64,98.98608,514.4971,145.7878,1012.47,251.65114,404.518,280.46,132.424
"2011-06-06",905.19,148.61,124.243,243.514,199.36,97.38,319.391,258.211,364.949,6863.98,278.65,324.26,321.82,1508.98,398.2245,2150.9,225.4456,457.57,1531.9,174.3214,283.17,606.222,178.3874,142.68,71.49,250.02,523.0098,218.2181,1057.1282,427.262,24.693981,1191.63,155.66,229.1691,91.86,112.44,904.041,126.2166,227.5364,1113.696,93.45,101.90998,500.694,154.2473,1001.56,254.86485,400.308,277.34,132.901
"2011-06-13",865.82,144.9,117.0286,235.814,197.33,96.1,321.507,268.865,371.39,6732.81,269.04,320.31,314.08,1500.527,393.3491,2031.29,215.1788,455.02,1538.39,160.2624,291.99,594.265,178.4805,142.17,77,245.53,506.0708,217.9209,1048.2921,430.621,24.821411,1131.74,158.04,228.2673,93.22,120.46,831.536,124.5396,230.3083,1038.776,88.74,101.56448,503.8151,152.2824,943.28,242.85808,374.137,269.64,128.606
"2011-06-20",881.92,150.86,121.4577,234.007,205.35,107.15,323.275,270.485,382.467,6686.96,256.7,318.7,309.64,1448.702,401.0425,2014.37,220.9399,461.58,1656.59,163.0931,294.77,630.398,181.5987,146.56,74.32,257.12,522.5705,221.6858,1085.4526,419.035,25.504068,1087.63,160.91,234.2789,94.08,121.86,834.073,128.6476,236.2137,1065.513,83.86,104.84153,509.0462,153.309,937.26,250.13358,388.183,284.65,130.563
"2011-06-27",861.62,158.73,118.2158,260.249,211.31,107.67,340.286,274.938,374.22,6739.18,269.83,318.85,305.07,1485.746,403.2342,2051.44,222.4642,484.45,1687.19,176.4444,306.27,663.711,187.6023,150.8,78.19,267.55,536.1283,234.5164,1127.9204,436.9,27.197056,1110.51,165.02,237.3276,100.07,125.25,825.027,136.1995,240.0702,1116.225,84.71,107.14848,529.5311,158.6321,916.07,255.68285,390.954,303.43,126.984
"2011-07-11",884.13,153.26,115.3392,249.772,204.65,108.88,320.188,286.402,383.492,6943.47,260.89,316.12,290.46,1556.876,399.1191,2084.13,223.1143,492.88,1624.2,166.6314,302.84,654.746,187.7885,146.09,80.57,271.15,499.0734,242.7227,1137.6271,471.366,27.288078,1143.93,167.72,239.5175,100.07,130.83,835.796,139.2721,244.3124,1073.286,92.05,103.63403,514.0121,164.5851,977.14,262.05344,383.239,309.43,117.965
"2011-07-18",897.57,157.17,118.3071,244.303,209.33,111.67,327.847,285.081,401.254,7040.6,269.87,313.53,292.92,1527.539,417.3239,2141.41,226.3647,485.71,1617.5,166.7258,306.88,668.005,193.0475,147.11,84.68,268.72,516.7783,241.0349,1140.248,443.396,27.761387,1128.43,161.84,240.1187,99.44,134.22,835.939,140.5945,246.9397,1061.439,105.42,106.8983,524.1039,166.064,981.89,256.63165,374.97,313.67,127.89
"2011-07-25",912.5,140.35,118.1245,246.117,215.88,108.65,305.309,280.35,426.725,6944.31,255.34,299.05,308.25,1543.302,412.4932,2117.49,218.2498,471.43,1585.83,158.9415,297.74,650.216,193.9318,142.8,93.56,263.81,507.2132,220.93,1076.7849,445.502,26.277746,1172.2,155.57,231.2302,95.4,128.97,792.484,131.9509,249.808,1067.603,103.53,105.21085,505.9386,171.388,1007.48,248.49896,359.679,296.09,127.536
"2011-08-01",879.3,136.64,113.3301,240.219,200.48,106.61,284.024,299.293,405.792,6850.66,237.74,300.71,311.94,1489.444,407.7519,2031.19,198.8145,458.11,1586.05,153.7519,292.64,627.378,182.8087,133.12,95.14,255.45,473.4648,218.299,1022.5511,440.604,24.15696,1157.96,151.46,237.9288,92.86,123.42,758.074,125.7636,240.5523,993.377,92.66,112.53087,478.1299,165.1078,979.1,225.14005,339.353,287.32,124.291
"2011-08-22",905.2,137.42,122.1508,256.263,161.46,85.47,303.724,285.89,390.04,6853.64,209.08,272.16,285.34,1412.087,372.6219,2018.03,162.6562,425.09,1765.14,131.2953,293.14,586.799,183.2276,112.98,95.04,220.59,402.4509,205.7893,968.5605,444.278,22.664215,1059.33,147.04,239.3494,88.46,104.33,688.584,106.2365,224.3307,890.561,77.42,92.44011,378.826,138.1555,1042.8,184.16032,295.421,247.24,111.31
"2011-08-29",925.9,153.99,125.2912,256.024,174.38,90.12,320.385,290.876,399.775,7130.87,236,274.71,308.17,1467.21,375.9744,2087.51,177.9893,457.87,1874.76,145.9204,294.38,623.745,189.1847,122.19,99.41,244.65,423.7649,219.9372,1017.866,458.287,23.082911,1054.97,147,227.2506,90.18,104.43,770.948,112.1791,247.4258,959.715,82.33,93.08332,439.6463,143.2978,1082.66,208.96503,308.91,265.59,114.458
"2011-09-12",946.55,147.44,132.7264,238.645,182.93,95.75,309.952,293.121,377.467,6954.2,241.75,277.56,301.33,1485.941,383.9478,2246.97,172.9904,468.42,1990.08,137.9426,312.53,625.066,184.2514,121.74,94.94,259.09,437.6421,233.6383,1017.5435,469.602,25.347878,1084.8,153.07,236.5508,91.63,112.52,790.282,109.4864,237.6452,965.021,90.87,89.86718,413.4523,146.7044,1108.2,202.45888,312.976,267.54,111.019
"2011-09-19",975.15,146.32,133.7424,242.693,175.43,95.93,294.763,292.121,366.901,6959.15,229.46,278.69,290.56,1446.435,382.2715,2285.65,173.9767,441.99,1842.47,127.691,304.22,589.819,178.3874,116.21,95.74,246.94,427.3462,225.7453,917.8982,465.928,23.410694,1066.66,148.24,221.9977,88.32,111.32,737.591,109.748,229.5028,929.856,82.91,90.39173,388.2451,141.2003,1143.63,187.68448,313.669,254.91,109.953
"2011-09-26",1001.87,160.69,137.5293,247.966,164.46,94.26,302.247,287.877,369.836,6907.38,225.69,276.24,264.81,1443.176,371.9876,2278.83,183.4366,452.88,1756.27,125.3546,312.72,604.824,184.298,120.57,97.67,255.06,462.84,228.2025,858.666,464.704,24.050329,1058.93,148.81,229.1451,90.53,109.36,773.723,107.5421,226.1774,973.988,83.29,91.10349,372.6363,129.4955,1123.55,180.2747,314.87,259.77,113.877
"2011-10-03",1015.5,152.96,134.0657,245.712,166.3,91.57,299.592,297.409,347.137,6936.22,223.82,279.92,268.27,1462.636,372.486,2272.22,181.7329,435.79,1755.5,120.062,302.56,609.07,185.3684,113.55,89.49,237.55,458.3904,221.7739,881.1509,450.058,24.626003,1088.46,148.15,227.7242,89.42,106.14,768.507,98.6086,229.6495,984.551,83.72,89.68924,376.4937,126.9911,1078.23,184.52177,308.402,250.62,108.5
"2011-10-10",1020.97,151.99,137.7602,247.091,178.09,95.28,307.196,291.276,375.364,6930.25,238.52,282.27,256.35,1482.243,376.3368,2315.62,197.4471,458.93,1803.31,122.7322,305.23,629.266,190.9997,122.64,94.55,255.93,501.3391,235.9962,890.2588,445.796,26.736803,1004.42,153.47,229.7048,90.94,111.59,829.765,106.0874,234.6865,1065.02,93.29,91.3772,392.82,134.1751,1107.65,198.84435,335.658,270.02,108.549
"2011-10-17",1019.65,147.1,138.8224,236.811,182.02,91.91,295.03,286.388,369.836,6821.42,238.07,281.69,261.11,1488.909,379.1003,2227.99,187.0472,471.62,1856.26,116.1044,299.71,597.746,189.8828,119.9,90.68,265.61,508.6718,231.2555,844.5612,457.062,27.266787,1070.23,150.41,228.5423,91.03,112.71,799.95,109.6355,238.3787,985.772,91.96,88.73119,388.4245,128.92,1103.03,185.96759,327.111,264.78,108.597
"2011-10-24",1116.28,159.76,148.1973,248.128,185.7,91.44,301.804,283.122,383.485,6793.79,252.44,292.19,268.78,1626.157,388.7047,2488.35,204.5228,467.41,1951.32,135.7015,321.17,649.933,200.587,128.55,91.67,273.78,534.0806,253.3708,896.2358,464.998,28.747087,1100.98,158.49,245.2481,96.55,110.43,861.448,107.4717,249.1619,1055.983,105.18,93.0195,433.9052,132.5061,1145.99,185.96759,345.59,300.9,114.022
"2011-10-31",1115.82,161.32,148.8901,261.486,182.15,100.73,307.887,277.456,388.719,6853.74,253.72,288.75,259.33,1578.234,384.0384,2453.61,198.6372,467.75,1911.89,132.793,351.41,645.403,195.7934,121.8,97.03,268.87,527.9713,249.3002,881.4982,473.374,28.655712,1097.31,159.2,238.3591,95.49,112.28,842.256,110.6428,250.9469,1035.55,97.98,94.25127,419.0589,141.6514,1131.87,190.21466,343.557,301.66,121.482
"2011-11-21",1021.7,120.6,135.3126,238.531,156.12,89.9,248.9,230.484,367.047,6870.05,246.89,310.16,245.22,1498.299,348.6563,2210.72,175.0724,417.29,1911.89,108.237,348.03,579.202,178.9459,98.92,94.89,246.99,485.7014,221.9725,800.6984,460.099,26.910419,928.84,139.27,216.9171,88.64,101.03,721.51,95.1365,240.5549,1001.747,89.59,84.21482,336.3954,126.3262,1100.77,154.83745,341.802,261.25,114.506
"2011-11-28",1107.16,127.4,148.3359,231.694,162.37,90.36,260.513,247.748,382.164,6882.25,262.67,324.98,265.96,1534.885,361.0242,2385.44,188.6997,451.28,1911.89,129.1215,366.35,630.021,192.2098,108.49,96.13,266.97,503.3471,246.148,828.7487,460.491,29.733957,970.3,153.43,230.8673,95.08,105.15,777.265,106.1803,260.7275,1109.182,95.66,89.05057,375.9554,130.386,1158.09,171.4191,361.989,276.6,122.935
"2011-12-05",1061.37,124.46,147.4122,229.408,160.1,89.78,243.093,246.415,350.953,6735.41,253.97,319.73,251.18,1530.069,355.6783,2346.9,184.6025,429.74,1911.89,126.0222,357.58,618.508,183.5068,100.7,85.62,253.36,506.3648,242.6979,775.9679,432.375,29.962399,963.89,147.44,225.0978,90.62,106.37,723.329,104.9816,250.8246,1103.909,90.12,86.86075,356.6239,125.9996,1189.05,158.1357,374.139,273.12,120.319
"2011-12-12",1029.41,123.83,141.2701,219.88,145.92,87.08,221.572,234.55,329.281,6462.54,246.56,325.67,239.02,1562.033,342.2685,2306.42,186.685,402.18,1911.89,120.062,363.66,591.093,182.2502,93.11,83.29,245.28,509.0178,239.0492,678.4382,421.354,28.441898,910.85,142.87,215.5393,90.21,95.09,690.929,94.4894,251.4114,1079.334,83.2,80.97581,327.4248,126.7656,1120.15,145.93666,372.938,244.48,115.717
"2011-12-19",1038.8,122.12,144.0872,215.872,142.03,83.54,222.954,225.084,323.509,6499.96,262.87,324.59,238.39,1546.756,354.4099,2390.01,176.3174,423.73,1911.89,116.1044,381.79,623.698,189.8828,99.41,78.09,232.98,503.46,226.887,638.0858,419.198,29.514313,953.82,140.51,225.6145,93.1,93.73,714.427,92.7083,243.9048,1089.55,84.43,80.33714,311.5469,128.0295,1162.28,146.02702,375.109,240.19,114.216
"2012-01-09",1025.49,128.62,139.9308,224.691,151.67,89.89,245.904,226.04,327.373,6987.46,278.4,332.35,273.23,1615.989,338.3724,2411.86,180.0751,454.77,1911.89,127.2142,363.84,643.186,192.7217,108.73,84.73,272.75,482.8056,234.5815,741.5925,419.982,31.549149,955.34,147.53,229.1044,93.75,102.68,700.453,99.9479,251.1669,1022.321,98.36,87.72756,372.9055,135.7764,1146.04,168.61784,370.489,267.64,118.091
"2012-01-23",1086.82,132.48,149.5366,236.387,173.2,94,252.172,256.547,366.509,7187.44,291.9,339.27,271.76,1601.296,340.2884,2510.34,195.6382,468.91,1911.89,137.7518,361.76,660.408,187.835,122.3,93.51,280.34,509.1112,244.7084,873.7821,457.503,30.999193,1183.75,154.49,245.5131,94.85,111.44,785.257,114.8324,258.6002,1046.862,112.53,95.8479,411.5237,143.7489,1210.35,193.15146,388.062,310.72,124.049
"2012-01-30",1155.72,132.48,159.3271,239.139,177.44,94.24,244.015,255.903,379.228,7212.57,285.03,338.88,260.16,1625.719,357.5997,2665.16,207.5228,490.26,1911.89,145.5716,371.68,657.436,186.7646,126.21,92.91,290.36,519.9937,257.4911,856.7686,469.112,33.107357,1213.28,160.2,248.4684,98.34,110.48,802.391,118.3523,272.0486,1106.157,112.86,102.82743,419.3729,147.3693,1255.63,210.26463,396.835,328.59,128.408
"2012-02-06",1228.45,132.48,158.7268,251.228,180.46,101.97,240.19,265.835,342.392,7252.83,309.09,343.39,263.74,1578.234,352.4839,2757.46,214.2421,501.16,1911.89,145.81,359.67,654.84,189.6966,128.15,91.92,310.48,521.3299,271.3907,854.4916,449.568,32.70406,1216.94,163.42,248.5566,98.71,115.63,807.128,122.2211,264.7865,1164.554,123.09,101.09437,426.1456,146.6584,1360.98,214.41429,417.167,331.5,125.792
"2012-02-13",1246.19,132.78,161.5737,247.581,206.31,106.77,279.776,275.167,342.049,7464.33,320.1,315.9,257.34,1590.884,347.7793,2800.67,225.1439,511.61,1911.89,143.9504,357.35,676.451,191.2324,135.2,90.23,304.45,550.7369,285.9854,915.3053,478.811,33.226517,1292.18,170.26,248.1156,103.48,123.53,783.152,136.0166,265.1043,1160.164,131.05,108.25636,428.7919,149.1737,1452.96,223.62561,416.703,347.03,128.069
"2012-02-27",1220.65,132.78,157.0933,256.035,188.31,102,273.647,294.965,342.832,7543.28,306.35,309.77,263.98,1631.947,339.1465,2645.02,220.1616,502.37,1911.89,140.8988,354.85,634.787,191.0463,124.33,94.2,306.4,531.6616,280.7234,822.0126,478.272,35.1147,1300.98,162.19,248.2479,103.99,109.44,779.227,126.4304,277.0856,1149.306,140.24,104.6522,417.9376,134.8517,1402.03,193.20998,398.274,334.02,132.38
"2012-03-05",1202.69,132.78,152.2396,257.069,195.85,100.39,259.391,295.209,331.531,7485,310.74,301.96,267.08,1656.37,318.9575,2640.98,231.7033,506.68,1911.89,128.3586,354.38,642.195,193.8387,125.92,93.26,307.91,533.4551,277.2236,823.7204,491.694,36.361263,1311.54,157.34,249.5712,102.05,109.9,740.653,125.288,278.8217,1141.091,146.69,99.13249,408.3391,144.5618,1449.41,183.54263,401.245,349.08,132.767
"2012-03-12",1237.93,132.78,157.3733,260.197,196.3,100.03,254.599,295.187,320.475,7583.25,286.27,296.71,279.15,1634.817,334.8986,2685.25,227.2466,491.81,1911.89,134.3188,362.17,628.936,201.192,126.4,97.82,297.7,535.2577,267.6428,834.8841,493.31,36.601208,1343.81,156.17,240.8816,99.87,110.56,739.266,125.3725,266.8893,1104.268,157.16,96.30457,407.8009,136.555,1456.89,181.0802,397.857,350.42,121.675
"2012-03-19",1267.64,132.78,161.5737,252.213,190.36,99.31,248.225,302.564,328.743,7533.88,293.35,295.73,273.59,1621,337.9132,2622,221.67,497.72,1911.89,125.3069,374.05,623.368,207.056,125.41,97.17,303.14,536.706,260.9163,822.6768,500.511,36.702549,1277.52,155.67,237.2003,99.78,109.18,712.178,121.9313,283.8343,1118.526,142.75,90.87534,402.3288,167.2504,1491.05,181.0802,394.793,354.61,123.564
"2012-03-26",1256,132.78,160.7336,262.783,185,98.44,239.291,311.185,330.602,8060.66,276.54,299.56,280.98,1717.186,343.7141,2556.42,220.8929,503.43,1911.89,123.3997,380.21,635.4,211.198,122.61,97.97,311.94,535.5103,270.7206,827.9271,518.732,36.601208,1320.49,147.47,238.043,100.19,106.14,718.447,117.9696,278.7239,1103.56,149.53,92.10712,423.1853,162.56,1490.6,177.15855,408.579,351.51,122.789
"2012-04-02",1242.37,132.78,156.8133,269.389,188.31,99.07,254.599,310.696,322.97,8013.3,297.2,300.1,279.1,1666.393,339.0094,2573.83,232.6861,509.92,1911.89,126.9281,370.61,641.393,211.6635,122.62,99.11,323.95,532.6705,273.4757,850.8864,523.582,37.651432,1286.46,152.04,243.321,102.7,106.64,715.001,121.695,275.863,1112.672,149.67,91.92464,426.5941,163.4162,1490.21,177.52335,412.014,356.04,130.152
"2012-04-09",1162.96,132.78,152.1929,267.573,187.58,97.32,240.548,301.231,316.513,8301.64,283.08,308.34,276.9,1688.238,325.4436,2569.36,218.9274,512.63,1911.89,119.0607,393.39,642.383,219.901,119.14,96.08,320.99,448.8683,288.666,811.0397,551.551,36.83152,1293.36,151.09,231.3457,103.76,103.56,719.357,124.4946,286.2794,1008.717,151.61,94.16003,403.495,159.2437,1452.02,169.81683,389.269,348.32,120.561
"2012-04-16",1133.53,132.78,150.4194,270.771,190,93.97,228.357,309.407,317.345,8520.19,287.84,316,296.14,1744.772,329.6458,2590.13,230.9948,533.69,1911.89,119.2037,391.9,646.158,228.2316,118.6,87.46,333.92,449.774,293.928,816.7634,540.383,36.020821,1359.8,149.73,236.8455,105.48,103.99,699.543,127.2042,287.9421,1027.695,175.97,95.8479,421.8846,160.4165,1439.87,172.87209,394.375,347.32,120.416
"2012-04-23",1104.11,132.78,138.7984,285.584,178.19,94,212.259,294.543,300.761,8447.07,278.11,304.91,286.99,1732.998,299.9562,2465.57,235.418,524.06,1911.89,113.2912,385.87,636.485,228.7901,118.57,80.37,312.19,446.7101,289.4851,771.7935,526.766,37.937019,1351.78,146.7,232.9424,100.29,95.7,710.216,119.61,292.808,1136.795,164.93,94.61594,413.6766,157.1922,1396.37,167.58241,376.736,331.97,119.932
"2012-04-30",1116.49,121.6,132.7779,293.045,162.98,84.94,199.185,289.921,305.017,8411.21,275.75,320.08,269.46,1700.547,293.1961,2353.08,236.4547,520.52,1788.65,110.5257,403.4,622.802,221.6695,114.78,77.99,311.6,456.2287,280.0035,725.5589,541.02,37.872532,1252.83,140.4,230.1038,98.9,92.28,695.332,112.3366,294.055,1205.532,156.07,91.28597,387.976,153.8758,1343.27,164.89197,385.184,318.06,122.305
"2012-05-07",1077.22,119.06,134.1314,293.734,161.44,80.22,205.745,311.207,300.565,8864.76,262.79,313.1,256.96,1615.551,291.1407,2326.57,225.0973,494.43,1667.59,107.9032,399.74,609.448,218.0394,112,81.36,305.04,431.8197,269.132,719.7716,504.527,34.989025,1207.8,134.24,225.358,93.89,85.47,667.335,104.3092,279.2863,1162.052,147.11,84.76226,369.5864,143.7155,1347.06,163.29594,372.187,314.05,117.364
"2012-05-14",1071.63,109.45,134.5981,299.992,153.24,79.12,186.808,322.139,290.145,8786.46,265.69,310.6,247.65,1615.551,290.3185,2306.67,222.7244,484.74,1689.07,102.9443,399.69,599.539,222.9726,110.9,80.81,296.24,445.1878,273.575,734.4134,524.855,32.464806,1140.73,131.34,220.5235,97.37,82.81,659.055,109.2022,284.4944,1143.074,134.84,82.93748,358.8217,137.8172,1384.51,176.10974,363.228,297.8,119.399
"2012-05-21",1057.13,111.51,134.038,305.244,161.47,83.13,193.787,324.828,292.591,8674.22,268.51,303.68,256.19,1646.542,307.9952,2310.66,224.4292,484.21,1665.55,106.7112,390.46,619.593,215.8055,112.2,76.95,299.74,460.58,270.1249,751.3957,519.81,34.78635,1094.13,128.85,228.0192,96.44,83.29,661.592,137.5637,278.5283,1152.658,142.52,81.38633,366.5364,150.4142,1362.12,165.53038,365.874,314.58,121.966
"2012-06-04",1060.27,122.29,140.8986,336.936,169.38,89.56,205.838,312.096,297.679,8751.88,268.01,303.58,267.75,1577.553,303.1992,2245.46,228.3455,522.07,1813.71,114.817,397.33,619.027,222.6469,127.02,78.29,318.55,469.5856,284.9925,828.2117,534.162,34.279663,1099.07,141.35,229.3055,99.13,89.73,706.951,149.3912,285.4236,1169.673,133.04,86.0396,368.1511,153.1207,1377.08,173.26247,374.462,329.26,132.671
"2012-06-11",1130.16,112.44,157.7934,342.296,180.48,98.55,203.326,329.983,304.968,8672.69,272.23,302.84,277.55,1536.734,305.072,2418.96,223.8993,530.26,1809,118.0594,417.5,609.873,235.2638,129.56,76.3,309.51,489.6373,288.4674,837.256,502.666,33.401165,1082.21,136.1,235.9584,98.25,105.1,704.093,149.6414,290.5829,1209.156,133.37,85.40093,371.8738,158.1051,1426.83,170.63519,369.448,318.72,130.782
"2012-06-18",1122.58,115.48,155.9265,342.745,177.29,99.36,205.466,339.137,304.185,8731.45,270.08,308.05,275.92,1541.356,311.1469,2458.76,217.7714,527.16,1886.83,111.8608,427.01,614.455,237.6355,130.48,75.36,315.44,480.3001,290.4283,861.4173,516.626,31.289276,1077.61,137.86,247.9337,101.95,103.49,688.834,147.9072,297.576,1172.096,133.66,86.22208,375.5069,155.2516,1433.13,171.37267,371.398,324.3,131.266
"2012-06-25",1171.55,118.71,162.4604,342.507,177.55,102.76,216.307,330.605,298.461,8975.12,254.72,310.8,283.35,1617.548,321.6524,2569.89,219.5222,550.06,1944.09,114.3402,421.45,627.079,245.6041,137.8,75.16,331.63,487.0456,294.0273,884.092,526.227,31.817249,1143.76,144.48,252.6795,105.2,107.24,714.847,147.9895,310.9266,1213.907,125.37,95.52833,396.0494,159.7516,1492.52,176.58115,375.016,323.49,142.213
"2012-07-02",1197.47,120.13,161.387,327.173,181.35,101.9,219.843,339.382,314.36,8794.38,261.26,321.94,287.11,1604.053,325.8547,2605.12,225.9727,567.58,1883.17,118.2978,416.73,656.983,239.7699,143.26,84.68,336.4,474.5158,299.814,888.6459,535.436,31.520844,1188.49,145.75,247.1797,104.69,111.57,711.94,152.3524,309.9975,1185.685,126.65,94.57056,402.1046,162.819,1520.47,182.52711,367.749,348.2,144.785
"2012-07-09",1167.76,115.14,156.8133,326.626,180.86,100.8,215.469,353.459,301.299,8726.42,261.84,322.87,289.32,1616.026,331.8839,2567.61,222.8166,573,1887.42,114.817,412.79,649.303,240.5288,141.87,82.3,329.84,432.813,299.8388,888.4875,546.638,31.159599,1157.64,144.75,252.9013,103.81,111.84,696.1,149.3227,301.4149,1187.253,126.79,89.96296,381.248,160.7557,1547.24,175.88976,336.521,336.73,141.409
"2012-07-16",1163.47,111.56,157.7,327.419,181.92,97.63,212.259,350.305,307.854,8718.64,270.7,319.73,294.96,1581.284,324.0733,2563.96,221.0657,568.65,1883.13,116.5336,417.33,657.367,239.8648,143.26,81.01,326.32,430.6685,280.0668,879.4109,561.024,32.975082,1122,141.26,250.0184,103.07,108.71,700.121,146.1387,305.6206,1162.214,126.69,90.82977,383.9713,160.8342,1541.83,177.22644,340.694,341.26,146.595
"2012-07-23",1195.3,111.81,169.8344,308.821,174.29,91.11,193.369,325.067,300.81,8587.89,262.25,320.57,289.15,1591.245,315.3948,2627.01,238.528,570.61,1818.05,112.0515,434.98,646.855,241.8569,142.21,79.43,320.15,417.0611,263.4036,834.7579,558.068,33.845776,1088.22,138.86,246.204,105.94,94.84,698.522,133.0466,309.2884,1167.215,119.02,87.56671,368.509,161.4991,1605.31,168.1001,313.592,341.7,157.213
"2012-07-30",1219.24,119.84,171.7627,330.942,181.98,91.18,209.514,322.781,290.096,8739.18,277.12,345.58,281.07,1642.378,326.2201,2832.68,240.6935,574.12,1771.97,111.2886,437.27,671.383,246.031,144,80.52,315.9,428.6786,272.1331,874.3201,572.356,34.512684,1095.94,150.64,248.9539,109.6,98.25,719.4,137.4575,322.7368,1178.265,120.68,89.97092,366.4781,175.6333,1611.76,167.27042,325.549,354.62,159.464
"2012-08-06",1250.31,125.12,182.7213,327.08,187.03,87.93,213.189,322.37,250.079,8702.74,268.75,345.63,284.82,1614.113,335.6294,2914.28,247.3282,587.74,1769.98,117.2488,465.87,662.551,253.9996,146.27,73.38,315.26,448.9725,288.7466,900.6312,572.258,35.198124,1139.89,155.8,247.4459,110.76,95.7,757.717,129.3965,330.3168,1219.369,124.54,92.4675,369.3398,184.4427,1649.16,176.02803,327.94,343.77,163.917
"2012-08-13",1235.68,121.76,177.7358,324.01,194.05,89.27,213.515,311.443,257.623,8569.37,277.04,350.57,285.89,1638.01,334.6396,2940.7,256.7965,580.85,1791.08,108.4277,469.99,684.775,248.6397,147.4,74.96,326.27,456.3485,293.3477,934.3337,562.158,36.078075,1158.72,152.27,250.1957,109,96.5,790.657,130.034,327.3546,1217.988,138.04,89.92464,364.4473,195.7887,1712.92,172.61717,331.504,346.47,165.727
"2012-08-20",1246.86,110.43,178.8176,323.834,187.98,90.31,215.004,324.199,243.528,8528,283.91,362.13,299.9,1645.96,339.4168,2949.84,256.8196,582.03,1791.82,105.8529,485.67,693.607,251.5331,146.21,74.37,321.52,474.5453,290.9601,914.3516,573.243,36.819088,1171.26,152.77,254.4537,108.49,94.35,757.717,129.8147,329.6078,1260.14,142.2,90.89558,357.9854,200.9424,1704.22,176.85771,342.382,332.15,163.134
"2012-08-27",1219.05,112.15,174.3025,320.677,173.36,88.59,198.44,306.185,243.381,8382.43,281.63,371.8,287.15,1646.451,329.3521,2931.17,250.8299,581.1,1631.7,100.5027,485.1,705.896,253.9047,138.21,74.02,308.21,458.4052,285.5632,864.2197,584.427,37.337799,1125.02,152.27,244.7403,110.66,89.76,742.507,125.9418,330.9944,1280.049,134.42,92.00517,333.6151,184.1659,1674.9,158.05188,340.037,316.96,159.953
"2012-09-10",1291.02,110.03,185.6373,343.639,176.52,95.45,194.015,320.221,250.551,8322.34,293.56,364.74,313.53,1715.053,347.4408,3049.99,268.5456,598.08,1723.84,114.5353,512.39,739.64,254.4739,154.42,83.29,311.3,510.901,303.0969,958.8848,567.134,36.532753,1240.93,152.95,251.9325,112.36,94.07,815.508,135.1372,335.8226,1346.112,154.86,90.24831,373.8631,210.0064,1734.77,155.70114,367.186,343.14,166.461
"2012-09-17",1285.2,114.07,183.3327,347.621,196.58,109.4,220.162,317.569,274.27,8424.09,289.58,356.84,304.86,1613.18,357.4591,3172.29,262.5559,610.19,1779.33,114.3901,495.68,749,248.1654,163.23,87.21,330.72,503.3698,309.613,1020.1796,574.721,35.741394,1290.77,153.36,263.0997,112.59,111.08,823.791,151.7046,331.5391,1242.231,152.9,94.91788,377.8787,210.6281,1816.99,166.34857,354.479,357.6,173.996
"2012-09-24",1369.56,125.71,190.0113,346.581,198.56,111.86,233.946,318.849,260.716,8599.26,274.18,375.41,293.69,1615.094,355.0473,3249.26,266.0576,614.09,1740.27,116.8096,509.72,743.432,258.4108,162.21,84.58,346.23,492.0434,322.6949,1027.6127,587.235,35.024517,1329,152.77,250.9051,112.83,111.49,811.1,153.5828,344.4391,1234.468,157.5,98.8944,370.0783,224.1649,1945.78,158.05188,357.339,368.35,191.171
"2012-10-01",1358,126.35,203.4626,335.699,199.78,111.38,250.003,325.982,261.011,8603.35,270.04,359.75,297.37,1665.785,364.6018,3296.22,264.2606,607.5,1675.62,120.971,528.4,719.96,261.4939,163.42,81.11,361.3,490.472,317.6959,1061.785,559.842,36.877224,1365.51,155.45,256.578,110.67,108.67,831.057,160.3585,338.0015,1242.184,166.79,96.16642,379.0326,218.3425,1948.99,158.5589,350.025,379.39,196.162
"2012-10-08",1395.64,123.64,202.0987,343.428,195.72,108.98,232.477,321.09,255.707,8641.47,270.95,359.61,293.98,1652.683,352.45,3321.66,267.9927,616.04,1646.37,114.245,537.05,710.648,268.9407,160.05,79.43,357,464.9473,311.8513,1061.8525,558.019,36.691021,1350.11,153.5,247.5996,112.31,108.83,793.37,154.3471,353.2043,1236.897,167.23,94.77924,388.633,221.8127,2021.77,160.21825,330.144,380.5,188.675
"2012-10-15",1311.61,122.6,194.4324,341.904,210.14,111.72,229.541,310.574,262.337,8752.62,276.46,354.67,289.6,1672.802,334.4541,3345.33,282.6751,613.45,1712.18,111.1965,530.32,723.176,282.2217,161.98,81.21,353.92,474.6333,312.5974,1050.9445,565.015,37.231007,1347.35,151.13,249.699,111.8,109.17,777.772,154.7583,344.0677,1228.562,162.49,97.09108,376.1248,213.9959,1988.05,155.65506,323.11,369.7,187.99
"2012-10-22",1305.51,128.86,193.868,343.177,216.4,107.86,229.683,320.495,264.841,8792.12,277.33,357.48,291.56,1663.037,335.057,3354.94,284.4962,622.09,1695.84,110.0836,516.46,727.976,271.17,165.2,81.06,354.85,466.9463,311.2296,1102.0099,564.424,35.825184,1346.96,153.86,247.1529,106.6,106.65,785.135,150.7553,339.1157,1252.996,158.53,96.86015,369.0629,210.237,2020.14,156.20818,318.937,401.28,185.446
"2012-11-05",1353.9,126.1,201.2051,371.449,212.39,106.12,220.02,309.431,270.882,8724.85,277.83,388.55,283.58,1736.006,329.3058,3295.87,287.0412,624.05,1766.09,109.6481,500.03,762.2,273.3519,162.27,92.42,358.66,467.7325,309.0409,1043.2509,576.15,36.244137,1440,151.5,229.732,111.94,102.07,763.094,147.7187,343.7706,1265.034,165.86,93.48462,360.5702,216.5548,2000.21,159.43466,347.727,409.91,186.865
"2012-11-12",1283.89,125.56,190.7639,356.71,214.34,103.14,218.173,300.881,296.025,8647.92,278.55,374.87,287.31,1724.278,321.2354,3117.29,283.7958,626.88,1680.43,105.3899,492.05,743.864,260.5452,157.38,94.3,369.62,466.6675,309.8119,1015.7392,566.592,37.407898,1415.1,151.22,230.4021,111.52,98.56,750.984,144.5245,336.2435,1228.609,154.32,91.63531,341.6463,210.0636,1892.93,154.54883,336.755,400.56,188.871
"2012-11-19",1286.87,121.62,191.1871,366.014,219.67,102.04,212.867,293.932,300.003,8757.99,275.22,376.99,292.95,1710.636,315.2987,3118.81,297.1976,653.72,1689.32,104.4221,499.88,748.184,271.8815,157.04,91.97,365.71,473.4783,310.558,1021.5311,552.008,38.85096,1469.42,144.86,224.4164,112.13,97.44,749.628,143.2256,349.2674,1230.328,154.76,94.45556,336.846,208.3921,1874.78,152.84341,344.023,405.52,199.978
"2012-11-26",1289.3,128.32,195.6552,390.954,230.71,106.92,222.009,317.752,330.991,8981.62,277.49,409.53,299.91,1785.618,327.7752,3294.5,306.5602,687.1,1690.61,112.8417,508.1,809.769,283.1704,168.5,96.23,408.67,485.2876,333.4886,1073.3689,582.358,36.030006,1450.28,147.59,236.7004,110.39,104.14,768.956,148.764,351.5206,1254.579,159.26,99.68012,356.5085,202.9607,1919.63,167.91571,368.78,426.4,191.024
"2012-12-03",1318.08,135.67,194.0091,389.347,232.26,111.91,230.204,327.536,316.7,9013.93,279.97,405.63,296.96,1805.247,327.3114,3184.55,286.7376,676.51,1690.2,119.8097,501.06,804.249,286.0163,173.37,96.23,402.6,462.2457,330.3052,1078.234,590.142,36.691021,1485.8,145.27,239.2465,111.14,108.93,808.581,158.7648,346.5933,1206.984,166.16,101.52943,363.9396,203.0179,1940.19,173.40076,356.542,439.12,205.116
"2012-12-10",1308.35,133.74,194.1972,386.481,236.44,117.98,213.057,320.907,306.878,8903.27,272.95,398.03,289.72,1796.07,321.3746,3079.79,294.606,672.26,1724.77,116.0837,489.03,818.217,280.7513,174.04,94.99,413.17,453.8123,330.6534,1054.8733,596.399,35.626831,1453.62,138.86,231.8315,108.85,110.17,813.086,159.0424,356.0269,1186.695,166.69,96.8132,366.4781,218.6653,1970.4,173.07811,352.557,444.09,202.327
"2012-12-17",1301.78,133.74,187.8949,393.288,230.94,118.28,215.662,314.369,301.869,8996.65,262.32,414.57,288.49,1787.188,323.9256,3148.08,294.1624,659.82,1758.78,125.1324,497.01,797.001,272.3084,172.18,96.78,417.72,457.4073,323.0928,1023.3073,589.797,35.102768,1480.83,139.18,233.3055,107.4,110.35,799.522,160.0158,361.2266,1201.78,165.71,97.96974,397.5873,209.0258,1966.3,179.25452,355.839,442.84,217.642
"2012-12-24",1313.1,130.98,189.3529,396.764,237.64,120.25,215.52,322.141,313.361,9146.51,269.04,411.26,289.15,1792.635,325.8736,3080.19,292.4579,661.43,1754.98,125.2291,491.44,801.033,274.5377,174.88,103.03,406.03,462.6543,323.7892,1042.5172,604.529,34.962399,1476.4,142.36,242.0949,106.27,111.81,814.054,163.1037,366.2034,1210.182,168.26,101.02064,395.6025,212.3355,1949.64,179.20842,367.655,446.45,215.147
"2012-12-31",1336.72,135.57,193.868,397.423,241.03,123.99,230.014,341.983,321.169,9205.65,283.46,411.01,297.66,1854.269,344.2869,3126.95,296.0769,663.09,1747.35,128.2776,503.75,804.201,267.8972,181.14,108.83,421.64,467.9022,323.4161,1047.6913,595.66,35.505173,1520.73,144.41,259.4004,107.63,120.48,834.981,170.4518,364.0493,1240.449,175.54,101.8993,400.172,217.3509,2019,185.7997,378.533,471.52,222.193
"2013-01-07",1268.33,129.85,175.3372,388.165,238.43,122.25,214.904,339.012,319.401,9062.59,284.52,416.3,295.08,1864.574,338.0718,2976.85,301.1201,653.28,1702.46,122.9549,470.48,777.128,259.3594,178.25,109.27,421.93,540.1019,313.3684,985.8818,579.106,34.52256,1540.22,138.77,266.2771,105.95,116.85,813.715,170.75,366.0796,1247.275,181.31,98.75546,385.2174,228.1545,1862.18,178.97797,393.819,480.53,227.33
"2013-01-14",1253.19,130.39,186.9072,389.212,242.62,124.03,214.525,397.716,342.629,9042.69,283.25,404.74,290.29,1856.036,355.8821,2992.15,329.5113,646.98,1632.72,118.7935,462.51,789.801,272.6879,180.19,116.31,410.53,555.2274,313.244,989.2605,579.746,35.954369,1522.7,149.5,307.5826,107.63,118.65,872.135,170.8185,352.61,1289.906,182.68,100.00399,383.0943,230.3693,1887.89,172.43282,372.625,498.47,219.306
"2013-01-28",1228.6,147.84,187.0013,410.112,263.88,121.7,213.152,386.469,323.526,8971.14,274.47,409.29,291.85,1909.18,318.3598,2952.69,323.0775,624.83,1675.25,109.6481,438.87,746.84,293.5106,179.42,111.01,428.78,551.8212,334.4088,986.7796,600.981,36.974419,1583.96,142.64,302.5731,103.42,119.39,866.129,165.3554,356.4974,1290.075,161.56,94.59431,370.0783,231.7179,1817.14,169.20631,384.164,513.27,226.401
"2013-02-04",1214.62,149.72,178.3002,408.392,253.59,107.71,199.69,367.038,316.062,8885.69,264.63,375.95,277.16,1820.949,311.3099,2953.67,314.7417,634.49,1591.21,106.1641,426.88,776.456,286.2535,173.14,109.02,416.2,555.5054,337.4182,972.4639,588.713,37.358105,1562.31,134.55,285.632,104.17,114.44,836.628,156.705,369.4717,1361.368,159.11,89.83218,357.7085,231.0612,1863.31,156.57692,388.688,491.38,225.178
"2013-02-11",1172.79,147.84,180.7459,410.099,253.33,106.22,195.672,347.013,311.003,8834.47,255.84,376.99,286.24,1785.127,314.2319,2969.35,327.3276,660.55,1554.98,106.1157,435.47,779.624,285.1625,171.87,108.73,430.3,555.3365,333.4389,929.2822,578.663,36.609447,1451.46,136.27,293.9659,100.45,112.22,819.431,153.0927,389.3294,1380.077,163.81,89.27737,347.185,230.3001,1908.35,151.73718,376.294,483.96,221.655
"2013-02-25",1180.76,138.13,183.2199,393.55,238.36,99.37,192.229,352.499,305.552,8435.42,246.34,365.53,256.91,1709.508,311.6974,2915.68,339.2795,607.6,1524.3,95.7606,427.49,746.408,276.2927,161.83,115.17,392.42,580.2695,325.729,901.2551,586.398,38.069336,1401.62,139.84,286.816,102.64,104.63,785.135,143.0988,395.8413,1437.207,157.16,90.0171,314.8758,254.3639,1865.44,141.78116,397.453,456.04,216.076
"2013-03-04",1176.66,143.9,178.3195,421.312,245.93,102.68,198.542,370.695,317.142,8228.28,257.02,386.96,262.93,1785.422,320.6621,2968.96,363.0894,641.57,1613.33,98.0349,413.62,780.728,282.4115,174.54,115.42,427.16,591.5109,335.9011,963.7441,595.365,38.9958,1406.1,138.91,296.6984,104.59,108.08,824.76,151.451,405.0522,1515.008,167.92,91.3579,331.5843,256.0705,1879.33,154.04182,419.743,468.43,216.713
"2013-03-11",1163.94,136.85,178.7477,452.071,234.2,100.96,189.454,365.803,304.767,8487.37,246.3,379.01,261.82,1788.807,303.4837,2920.19,371.9183,624.09,1559,92.5186,432.31,784.616,286.3958,163.54,111.26,412.97,573.1895,330.4296,970.5622,600.834,39.28595,1384.2,136.02,290.687,103.64,105.74,817.348,155.0496,412.8021,1502.663,165.91,94.03951,327.2456,254.1333,1901.58,151.64499,415.596,456.72,212.602
"2013-03-18",1087.14,122.36,167.4719,447.232,227.24,94.87,172.044,334.714,288.806,8696.18,233.14,377.29,250.35,1719.567,299.5412,2834.94,360.6474,590.76,1536.01,86.7604,433.39,764.552,289.9058,157.54,106.15,392.18,570.1927,317.6461,900.4192,618.324,40.113419,1284.67,129.82,272.9459,97.41,96.49,785.329,142.8451,406.3149,1475.773,151.63,88.58383,297.1519,241.5881,1832.71,141.87334,410.648,424.71,201.593
"2013-03-25",1098.13,136.75,165.7591,443.941,227.35,94.7,169.318,345.367,286.547,8848.66,229.07,375.06,260.81,1733.7,298.7433,2758.13,373.3507,610.38,1427.16,88.6475,439.91,793.209,293.558,160.12,112.94,396.29,575.4008,324.8088,879.2139,619.359,39.342369,1260.71,132.29,287.4864,100.6,95.25,748.804,142.0774,405.5473,1507.927,149.58,89.23119,288.7977,244.3324,1847.99,143.48659,412.015,413.52,205.948
"2013-04-01",1069.76,142.71,156.767,430.426,214.92,91.95,170.083,344.269,265.431,8622.61,242.94,382.08,260.93,1876.057,297.0536,2662.44,355.4815,606.09,1371.08,86.9539,444.62,739.976,276.3401,152.92,102.58,392.23,570.7209,316.7259,868.6601,609.16,40.799839,1383.81,131.41,290.1636,99.5,95.49,755.78,140.9773,425.5536,1433.858,145.76,87.98286,285.4283,221.8127,1751.68,138.13985,428.462,410.39,201.348
"2013-04-08",1087.62,146.41,167.4243,420.896,220.99,91.89,171.805,342.304,268.623,8568.09,246.81,400.55,253.05,1868.451,296.6312,2678.03,364.4748,628.29,1346.97,88.6475,451.14,734.216,277.858,160.15,109.82,391.3,457.3666,317.5218,875.063,650.152,41.77776,1385.92,131.03,285.086,100.31,94.61,751.178,142.6978,430.7037,1446.681,158.82,88.16778,276.4741,225.9988,1795.09,136.11176,361.732,426.69,203.257
"2013-04-15",1147.86,143.21,180.1274,419.768,249.85,96.5,177.784,370.65,294.307,8685.94,246.68,396.2,252.79,1870.708,312.6361,2763.47,345.7603,657.48,1392.92,90.7282,455.81,785.528,299.1076,171.99,111.5,440.47,457.1778,332.7426,949.5211,662.025,40.940887,1500.22,135.93,308.674,101.74,101.7,757.233,157.6304,453.7307,1390.221,165.23,87.75164,276.751,219.1496,1906.03,138.8773,347.831,473.64,206.535
"2013-04-22",1181.92,142.81,178.4622,424.828,259.8,97.8,180.606,377.691,312.771,8921.3,252.27,404.79,269.16,1953.884,329.5328,2859.5,323.0952,672.6,1477.93,95.809,439.01,837.705,302.5227,175.34,121.37,448.25,440.5094,354.5291,991.6062,675.18,41.96582,1646.39,144.36,299.2572,104.88,102.46,767.696,156.8284,473.4646,1310.41,166.35,87.70545,281.5974,213.615,1887,140.26009,311.214,479.91,219.208
"2013-04-29",1162.64,153.36,179.6517,423.898,257.78,98.07,183.332,368.775,312.035,8790.25,254.92,395.71,268.95,1964.288,314.6074,2887.34,354.3541,664.65,1491.39,94.8896,540.23,820.713,313.7168,173.11,133.57,458.28,459.617,359.7519,1010.623,695.282,43.470306,1638.76,148.46,298.8879,106.49,98.7,775.544,151.7458,487.6274,1357.445,159.8,86.64204,287.2746,227.5328,1865.14,148.23415,334.824,479.67,231.832
"2013-05-06",1177.14,148.83,180.3653,418.797,256.93,98.59,188.45,379.519,318.468,8924.09,254.84,392.64,252.88,1984.701,321.3192,2958.52,365.8992,686.51,1577.98,102.535,552.03,842.217,335.0138,178.53,124.64,494.93,472.2834,363.3333,1005.2559,731.544,44.410614,1700.31,144.45,301.3806,106.82,102.29,796.366,157.2157,463.0405,1431.513,168.4,86.91945,294.0133,225.0874,1955.47,149.80128,334.588,491.72,235.795
"2013-05-13",1202.48,165.88,181.2693,434.511,268.35,103.82,193.137,382.445,309.923,8939.61,252.65,420.35,251.02,2039.711,316.2502,3065.63,339.9524,701.69,1558.96,106.5996,552.93,867.225,317.701,188.5,130.79,500.22,468.3403,395.1178,1044.7374,791.849,45.764652,1681.37,149.02,314.5825,110.34,110.68,818.456,166.2123,478.4414,1410.365,164,86.87326,287.9207,213.972,1994.13,152.98167,324.221,523.29,237.557
"2013-05-20",1161.7,154.45,176.6067,433.802,255.41,96.95,184.193,349.71,294.12,8962.66,237.73,403.46,261.69,2027.737,302.2165,2901.56,348.2629,684.56,1511.71,103.5995,553.4,869.817,312.9578,184.47,127.96,488.62,467.5732,388.5022,937.5193,758.395,46.272415,1648.11,139.79,299.9958,103.64,104.49,770.407,147.4548,479.7784,1406.298,157.11,84.6078,288.9362,219.4153,1922.39,147.68102,316.869,492.69,235.844
"2013-06-03",1141.52,149.91,163.6181,448.195,240.91,92.21,181.18,343.995,284.069,8942.48,242.22,368.69,269.75,2149.631,288.2297,2727.1,351.403,659.96,1524.25,98.6639,557.93,805.785,321.4685,190.59,127.42,496.55,510.716,379.4742,908.8812,750.857,45.708237,1530.03,137.74,294.7797,105.21,101.22,767.615,171.7034,501.3693,1466.56,162.15,81.9262,269.643,216.0714,1839.34,142.47067,315.644,490.35,226.645
"2013-06-10",1150.85,146.51,169.4225,446.501,226.88,106.47,168.505,337.32,285.202,8931.43,243.95,373.24,253.93,2135.449,284.0995,2725.68,360.6106,654.55,1486.21,100.3091,559.96,801.609,319.4464,183.99,135.15,470.76,499.893,376.3903,927.1904,771.994,45.821899,1489.93,141.66,287.3479,103.73,119.79,798.032,173.5442,472.2018,1400.664,152.02,74.89869,253.073,222.713,1852.98,131.07857,318.142,466.99,216.076
"2013-06-17",1102.3,149.32,177.3204,446.325,220.19,92.3,162.909,318.529,287.666,8841.84,246.76,376.59,251.95,2082.01,271.8963,2728.47,358.2733,625.22,1504.86,90.9702,557.64,787.88,310.395,174.43,138.67,456.88,504.8615,362.8607,896.332,775.935,44.290722,1529.79,133.27,284.1167,101.93,107.79,776.676,168.7302,469.701,1373.196,138.87,75.36102,251.1344,229.5732,1792.81,127.66553,328.368,441.72,230.511
"2013-06-24",1158.24,148.19,177.7961,454.042,231.64,96.4,166.687,335.537,287.469,8971.29,243.82,387.11,255.28,2177.651,294.0967,2705.78,366.4185,658.93,1539.2,96.5832,552.17,857.032,312.3208,178.75,140.31,459.14,521.5807,359.2296,906.0498,770.023,45.368217,1513.16,133.97,305.6735,105.83,105.18,845.004,165.7358,500.9236,1465.788,137.7,79.79948,252.7038,244.4016,1855.95,131.72427,333.727,449.86,231
"2013-07-01",1173.21,146.31,180.9838,457.205,242.39,93.78,170.944,334.12,291.508,8650.43,244.75,394.13,250.47,2197.28,306.91,2751.07,375.6971,657.21,1526.1,96.7284,574.92,828.807,329.894,175.55,136.34,466.68,512.678,350.2068,906.629,822.79,46.483521,1529.69,133.88,291.7793,102.31,101.03,862.392,160.7013,512.9076,1477.422,143.56,79.33715,244.3495,239.5246,1904.65,132.18549,335.592,453.96,233.496
"2013-07-08",1176,149.72,187.597,472.667,243.05,95.86,180.08,314.506,301.017,8528.87,251.01,400.45,253.09,2320.99,302.9205,2756.61,407.3101,684.77,1587.37,98.5188,573.29,829.977,337.5973,177.02,144.57,496.32,585.3154,377.8436,960.9766,856.49,46.71981,1424.79,136.16,273.7767,104.88,102.37,871.796,160.6122,549.0327,1554.325,138.63,82.85085,242.5033,258.7225,1917.95,139.84174,359.163,478.5,235.143
"2013-07-15",1208.3,144.64,197.2552,505.835,224.29,95.92,166.161,316.975,325.01,8625.24,264.85,410.42,250.6,2317.681,312.3076,2761.41,421.3105,669.27,1640.87,100.3091,654.51,783.082,355.363,160.15,149.23,439.4,594.3425,344.3256,940.2222,886.051,46.341743,1428.29,133.92,292.6102,105.87,101.97,904.857,153.6479,534.8947,1682.69,137.65,85.53246,229.4594,261.1208,1917.53,134.44547,374.271,414.25,236.722
"2013-07-22",1148.05,141.58,169.4225,497.037,208.41,96.54,151.956,320.358,332.252,8567.14,260.89,409.93,238.15,2266.656,299.5412,2639.89,426.7643,633.93,1726.52,91.4057,632.3,785.373,354.4964,155.51,163.26,413.15,608.0876,338.8929,816.4199,842.349,45.528893,1353.4,131.45,280.2854,103.02,95.97,871.992,149.7416,553.2915,1713.296,133.25,83.35793,208.4176,280.827,1852.66,121.02398,365.235,358.16,248.761
"2013-07-29",1123.35,124.38,164.3439,487.141,207.6,81.88,143.107,265.037,340.184,8653.95,254.75,394.97,214.82,2211.582,285.9299,2511.59,441.9452,621.29,1667.62,83.9055,586.68,788.103,320.6019,148.09,157.61,384.4,628.0212,325.71,801.3608,882.049,46.748165,1316.31,121.01,256.559,86.86,84.64,839.861,142.5609,549.8746,1786.212,131.69,79.18771,192.6602,289.019,1767.42,114.10568,419.501,301.18,238.893
"2013-08-05",1110.44,141.21,171.7313,421.872,204.29,86.14,112.305,252.373,332.35,8447.41,253.03,406.4,227.1,2197.06,284.4749,2406.85,427.7559,600.86,1710.33,88.7443,571.53,728.241,313.2837,146.08,156.57,368.89,618.7853,325.3362,752.95,793.344,45.859707,1362.9,127.77,252.1276,91.28,87.35,847.991,141.1655,500.8494,1785.776,125.24,72.81513,208.3224,291.7029,1660.83,121.20846,427.582,276.15,236.821
"2013-08-12",1108.05,140.97,166.3587,410.023,197.39,80.47,100.969,265.357,330.724,8337.15,259.05,411.66,217.94,2139.91,280.0161,2306.36,434.8859,578.62,1837.5,90.5347,570.52,719.418,308.5173,143.33,170.4,350.57,621.6758,315.1188,742.6599,809.382,42.523254,1311.51,130.15,250.9274,93.18,80.84,809.836,133.2299,537.2469,1723.36,144.95,68.83234,224.1275,310.4043,1672.9,120.47052,436.522,252.01,245.504
"2013-08-19",946.28,122.49,153.0711,411.345,184.7,79.05,111.061,275.324,304.416,8118.72,266.74,393.1,227.61,2094.073,286.1177,2271.7,446.8559,597.96,1757.81,100.4543,573.43,722.294,297.0586,142.41,155.48,364.36,626.3304,320.2524,724.5701,781.266,42.334217,1279.74,120.27,255.4511,92.99,77.94,802.783,132.2544,502.4836,1770.342,147.83,73.14317,268.7816,320.1895,1570.28,141.04089,428.586,252.93,225.227
"2013-08-26",921.8,125.08,164.6318,412.226,156.75,77.37,113.835,249.63,294.711,8181.78,275.73,413.9,212.12,2265.125,277.3408,2234.38,491.2889,584.62,1894.09,103.0106,599.17,700.65,297.2512,134.18,158.55,351.56,648.2787,328.7503,710.4022,788.245,41.993958,1230.8,121.99,230.0168,92.85,69.46,836.432,128.8486,516.2007,1967.508,145.4,71.08142,260.8791,322.2519,1465.13,172.7728,462.437,237.42,228.434
"2013-09-09",997.91,135.26,172.9305,433.183,199.4,89.1,139.986,290.136,320.97,8198.83,275.47,438.32,251.03,2222.053,300.1239,2499.19,493.7915,619.27,1956.92,110.2179,592.5,787.713,319.0612,157.25,160.05,393.9,632.0396,356.8606,820.0683,852.745,42.487419,1302.4,132.26,260.9904,95.98,83.06,855.191,140.9068,558.3425,1890.625,155.18,73.47112,284.0154,302.1668,1709.51,169.59039,435.566,274.35,221.23
"2013-09-16",1073.97,138.73,185.1148,478.034,207.44,92.37,132.784,321.322,339.149,8597.83,275.12,426.9,258.49,2337.587,325.182,2788.85,501.3701,648.65,1890.1,111.7378,620.81,790.102,342.123,164.81,161.49,404.68,625.1716,372.9093,829.873,859.724,42.411377,1452.2,139.01,267.7343,97.76,83.31,863.91,148.2401,563.2334,1887.287,166.46,77.12596,285.6341,308.5272,1842.18,164.51698,454.117,347.37,220.835
"2013-09-23",1051.31,139.62,177.0079,460.064,194,84.16,140.868,312.432,320.526,8976.99,273.19,431.12,262.94,2382.98,312.0791,2650.05,506.5406,599.29,1953.44,111.6887,591.83,764.558,334.9974,154.14,171.03,370.91,627.562,340.3383,799.9195,844.973,41.365826,1352.93,138.68,253.7695,95.21,77.19,822.767,139.1763,586.8632,1885.158,169.24,76.51679,273.6374,310.9185,1816.94,168.71407,455.026,297.18,235.39
"2013-09-30",1082.76,141.91,182.1407,457.42,205.6,87.39,141.064,324.65,323.532,8819.68,277.92,434.74,265.64,2342.971,317.1481,2667.6,517.8968,630.34,1939.27,115.7582,579.63,778.695,327.246,155.35,171.57,389.82,629.6075,346.6681,803.8904,870.07,41.888599,1413.85,133.67,244.7988,94.25,76,836.971,140.0204,597.4095,1967.896,168.09,75.90771,274.6848,333.3493,1897.81,172.72667,461.815,307.67,244.222
"2013-10-07",1077.55,149.36,186.6978,474.998,206.93,94.5,144.004,322.273,329.641,8643.73,276.37,426.06,242.08,2372.854,321.6432,2703.83,546.535,650.86,1982.77,112.0319,575.48,790.199,329.5088,166.45,182.95,421.43,683.4802,351.3781,865.7093,912.541,40.529385,1448.98,135.03,255.7579,95.21,78.6,845.738,140.2027,622.7804,2053.488,191.98,76.6106,293.1557,368.8447,1957.36,168.9908,466.883,339.08,239.831
"2013-10-14",1094.47,151.69,190.5833,476.81,217.58,93.03,144.837,344.379,351.515,8663.86,282.43,412.26,245.12,2430.152,312.9399,2713.17,520.6354,665.92,2000.22,112.6203,578.05,798.925,341.4008,168.42,180.17,407.25,708.7411,349.5589,855.0222,895.463,42.19276,1453.69,136.72,262.2316,95.74,76.84,887.175,141.2037,628.949,2052.133,189.3,74.82998,313.1501,365.6081,1951.65,180.15231,484.239,337.86,249.599
"2013-10-21",1086.87,143.4,184.1074,504.116,224.08,99.8,134.597,331.638,338.459,8666.59,274.87,412.46,238.99,2376.361,328.6251,2700.57,511.2601,661.93,1941.37,107.08,566.43,789.517,327.4385,170.65,170.63,418.77,712.3762,351.3282,928.9989,880.613,42.668011,1493.23,136.11,262.6016,96.41,80.26,868.906,145.9837,607.7568,2004.935,186.87,75.0174,306.4377,366.8342,1936.65,186.51714,460.046,346.84,264.302
"2013-10-28",1091.56,143.85,180.5577,532.673,229.37,112.8,140.672,338.294,361.811,8739.66,282.01,413.25,250.22,2441.364,335.7026,2787.07,522.8005,673.01,2004.51,112.9635,584.68,833.974,315.8836,189.22,167.5,441.96,700.6473,373.0588,963.0214,873.337,43.685047,1619.37,137.09,266.1621,94.2,92.25,889.722,159.3907,601.5385,2033.878,197.69,77.31339,320.0529,363.133,1949.56,190.52975,461.432,368.89,267.114
"2013-11-04",1041.84,147.37,169.5247,546.216,210.61,101,132.98,334.586,338.952,8635.41,272.46,420.05,249.58,2373.2,324.7038,2646.89,528.1086,642.2,1995.83,114.2383,562.46,789.078,307.6988,175.27,163.18,421.23,718.4703,362.5424,955.8639,875.317,43.894161,1564.34,143,256.4978,92.42,84.4,858.081,147.9644,598.4044,2027.333,202.56,77.17287,338.7144,398.6293,1913.85,185.58815,460.476,345.62,262.279
"2013-11-11",998.1,151.74,169.2848,503.577,206.45,101.28,133.078,327.217,334.912,8714.08,278.07,400.05,235.14,2431.782,306.1971,2579.36,514.0327,632.06,1954.39,112.9635,558.18,773.43,302.788,175.64,169.68,405.23,717.2292,361.6702,921.2041,858.388,48.561123,1596.06,143.23,249.7928,92.37,84.17,834.277,146.1661,595.7181,1964.647,201.61,73.65854,357.3758,397.9153,1864.83,177.54941,465.018,342.69,273.627
"2013-11-18",1004.6,151.64,167.414,498.621,203.66,102.32,134.401,316.473,330.971,8518.21,286.48,382.18,229.48,2404.269,313.7528,2512.48,497.7529,632.01,1884.38,116.1014,550.15,773.479,297.2512,170.37,173.26,401.29,715.8077,357.1596,945.3238,842.349,48.722706,1623.33,141.4,257.2838,90.35,83.5,826.538,147.4258,572.0386,1940.067,192.23,72.06544,373.7046,396.8082,1803.28,162.02953,457.034,335.86,249.895
"2013-11-25",1048.48,156.85,177.8234,494.254,217.53,108.23,153.216,323.271,322.201,8621.77,283.63,388.38,233,2454.701,323.6996,2629.09,514.6962,650.86,1958.11,120.3179,571.79,803.166,308.5173,178.4,174.3,416.01,717.2943,377.1956,1025.5265,847.299,50.623707,1658.96,138.03,276.6125,91.51,88.86,835.795,154.3392,569.1036,1943.461,198.73,74.50204,381.4167,403.9964,1895.22,170.06827,450.197,359.67,255.767
"2013-12-02",1066.99,162.17,177.5836,495.333,240.83,114.84,167.964,346.376,327.522,8804.21,284.68,385.9,248.08,2393.353,331.4465,2697.26,533.938,671.92,1998.31,118.1606,539.47,793.368,299.514,190.96,175.5,439.55,711.1463,377.719,1074.9915,849.279,49.264496,1684.05,139.62,271.9422,95.21,96.46,849.02,157.7408,578.3564,1939.534,200.92,82.84246,402.4584,398.5703,1868.95,169.51065,472.19,382.35,268.792
"2013-12-09",1043.94,150.95,171.3475,484.882,233.31,110.87,151.501,325.22,316.142,8760.19,282.67,373.94,242.55,2371.422,323.317,2635.72,559.7913,679.06,1965.74,116.3955,539.62,786.592,303.6064,181.13,170.03,410.2,721.4211,378.0429,1029.4484,861.011,49.102352,1672.27,128.7,263.2636,93.81,91.32,847.061,147.9051,568.2579,1940.988,189.75,81.71792,395.2699,402.5437,1788.83,178.24641,496.048,356.69,276.291
"2013-12-16",1049.11,162.07,172.8346,480.466,240.47,109.45,162.819,327.075,323.088,9283.17,287.88,398.81,243.66,2482.263,324.8473,2600.77,592.6693,654.11,2030.89,117.131,546.3,781.766,303.5102,181.58,168.79,418.37,759.3754,365.4083,1040.3807,911.304,49.923752,1791.09,127.44,267.7767,95.64,96.07,876.89,148.5497,575.9686,2056.131,195.51,84.99792,397.9359,439.3252,1732.7,188.46909,524.879,361.42,276.587
"2013-12-23",1073.2,158.89,177.3917,476.05,243.6,109.55,169.777,334.348,324.369,10323.44,284.29,402.18,242.55,2489.128,325.4211,2685.25,596.6677,659.08,1990.78,120.0727,547.17,768.653,310.4913,185.34,166.75,415.62,761.5026,368.8473,1056.9016,897.047,50.33445,1756.84,128.65,274.5933,96.03,102.63,860.922,150.153,573.0336,2095.012,190.79,84.01391,404.7435,442.954,1758.38,186.98215,530.807,364.69,275.995
"2013-12-30",1041.17,148.86,170.58,480.368,237.28,109.11,162.133,313.098,324.517,9936.44,280,388.88,237.84,2465.469,322.6953,2600.77,603.2279,652.63,2003.99,116.4446,543.75,771.188,303.0768,178.09,161.44,407.59,762.3254,355.1411,992.2885,923.58,51.136745,1780.15,123.5,259.3146,96.89,99.91,846.62,145.8734,576.7646,2154.693,186.57,78.76596,392.7468,436.8263,1715.82,184.56589,532.242,360.79,277.278
"2014-01-06",988.87,147.27,160.4584,482.821,219.05,102.85,159.732,310.245,325.699,9633.63,283.63,396.18,247.56,2593.746,330.251,2559.1,621.6396,651.6,1944.9,108.4038,529.32,781.376,310.6357,171.03,160.15,398.78,759.3532,349.1103,937.3819,927.391,53.333504,1775.7,123.17,267.0715,93.77,96.18,840.644,136.4152,606.3142,2211.609,188.5,75.29854,366.0876,447.155,1660.78,182.52135,529.134,334.64,291.191
"2014-01-13",982.56,147.62,163.0967,482.38,216.96,105.5,168.405,323.366,306.338,9436.86,285.6,414.54,257.74,2619.727,336.2765,2592.17,660.6417,654.5,1979.86,109.1392,537.69,819.009,312.8023,172.71,150.01,416.99,797.5222,362.3929,983.2681,900.265,53.705997,1756.99,123.36,270.3153,93.57,96.46,866.702,137.5519,590.9921,2145.821,191.58,73.42431,359.5657,422.4871,1707.92,186.33162,528.513,342.59,274.91
"2014-01-27",966.5,145.93,152.6873,462.9,211.32,100.91,169.287,344.854,310.377,8897.76,284.11,407.59,234.47,2577.939,342.6844,2535.91,704.0817,618.58,1878.23,107.4232,548.61,788.2,313.043,164.89,142.56,377.95,791.3956,327.4794,966.6491,873.089,50.812004,1619.47,122.35,259.0796,91.89,88.48,814.195,129.2642,585.719,2176.842,173.51,69.3009,339,425.2715,1699.42,175.1796,552.786,300.15,262.921
"2014-02-03",1000.53,146.48,156.2371,481.349,211.79,102.66,153.911,334.824,310.919,9033.75,292.61,414,255.46,2600.019,340.676,2521.53,674.1552,637.53,1912.85,104.3343,555.63,763.827,311.4542,160.34,137.2,382.53,762.6256,328.3765,964.9333,910.116,50.706944,1647.87,131.54,253.2032,93.81,89.8,797.836,129.5823,598.6035,2082.961,177.73,70.19121,366.04,433.8877,1717.65,176.52713,539.905,301.37,268.2
"2014-02-10",964.58,146.03,147.025,463.979,207.57,98.68,146.747,338.294,300.918,8876.3,282.27,370.62,247.12,2548.797,349.4423,2426.92,721.0072,631.67,1847.8,97.9605,538.65,751.396,307.9395,165.01,131.73,371.1,779.2502,322.1963,973.3653,895.296,51.003029,1626.54,127.96,259.8788,91.65,104.69,805.281,125.1289,605.9659,2105.788,193.92,69.20719,353.0437,435.9572,1655.37,176.2948,541.971,293.32,257.937
"2014-02-24",1056.42,166.09,163.4151,464.176,238.44,101.42,165.769,359.402,283.38,9325.12,283.98,381.49,231.21,2860.426,359.1288,2511.89,758.6623,659.03,1876.27,103.3047,527.88,798.779,315.4984,174.26,128.06,391.39,817.8572,341.1607,1087.9828,988.764,55.262833,1572.7,108.75,273.9352,90.93,107.72,783.632,130.0616,641.4354,2210.548,202.51,73.84606,327.3366,444.382,1827.08,165.04987,574.126,297.52,265.141
"2014-03-03",1205.81,185.6,177.179,472.026,264.73,119.52,182.668,397.386,297.47,9238.7,288.67,378.41,250.91,2692.287,375.596,2731.02,716.4568,700.22,1916.14,122.132,529.23,827.004,325.609,200.64,134.76,437.18,799.7776,354.6426,1175.2449,959.81,55.444302,1717.25,112.58,297.2058,96.55,120.39,851.665,139.9355,609.1995,2164.652,201.17,74.45513,353.3293,436.9453,1960.74,173.04213,543.461,366.74,274.17
"2014-03-10",1194.01,181.93,176.3522,486.256,254.97,120.87,185.731,422.867,290.671,9527.78,286.26,383.67,250.39,2746.819,360.6302,2702.3,682.2447,720.59,2026.21,112.9635,533.17,835.193,334.3234,202.83,135.86,460.72,725.7609,376.772,1230.4454,938.206,56.188847,1720.62,113.25,303.4583,95.92,121.91,868.073,153.9655,579.1027,2078.25,192.97,78.10998,325.3372,424.867,1956.97,159.52031,526.399,347.18,273.232
"2014-03-17",1214.42,180.44,179.4648,500.584,262.37,120.74,185.533,407.037,288.158,9970.35,289.11,385.11,249.26,2744.942,341.9836,2713.07,686.7951,722.27,1972.61,121.1024,551.06,822.129,344.434,200.25,133.03,464.51,706.8372,370.8658,1192.8444,938.306,56.562927,1849.39,110.16,288.0856,98.36,125.24,867.73,158.4332,577.4611,2066.06,189.6,77.54266,345.4744,430.5073,1942.41,163.42352,546.201,351.57,284.136
"2014-03-24",1322.4,184.86,194.2014,529.779,275.11,134.57,197.738,435.703,312.742,10631.41,289.76,384.12,271.33,2593.993,369.2513,2827.21,676.9239,733.19,2149.16,128.3587,575.01,853.863,345.1562,210.21,138.64,493.02,697.6324,387.7619,1262.9973,940.888,56.514965,1911.59,117.03,313.8107,104.79,146.35,897.461,177.0303,560.3481,2041.873,194.86,84.04906,363.2313,437.1243,2132.95,169.97533,530.676,395.03,267.706
"2014-03-31",1325.27,178.6,197.8004,520.799,268.75,139.06,181.333,421.774,311.56,10140.2,297.3,401.14,266.93,2617.949,350.8469,2782.72,673.1199,714,2146.92,134.9776,581.22,872.68,331.9642,205.41,139.13,494.45,709.0619,376.3483,1252.163,970.538,57.301498,1907.43,116.4,310.2382,103.96,146.63,924.988,177.1094,568.9045,2077.571,214.43,80.94152,382.7496,431.4954,2136.03,176.52713,531.974,412.84,272.393
"2014-04-07",1350.65,192.31,211.2724,533.557,281.47,143.13,183.26,422.487,317.521,10157.95,313.94,399.11,277.68,2545.685,359.8553,2774.32,674.444,726.5,2073.62,137.9684,585.69,895.64,330.7606,206.35,141.92,482.63,691.7624,401.5429,1273.1451,941.881,54.577423,1915.85,120.56,304.8556,104.99,152.05,934.294,185.6121,624.9692,2102.097,234.44,83.75773,399.7924,413.9919,2244.36,182.05667,546.105,432.4,271.703
"2014-04-14",1318.47,197.02,210.7374,533.606,275.62,141.93,179.11,427.669,320.773,10226.17,323.09,397.77,275.65,2521.284,362.1317,2731.61,686.0487,707.36,2116.35,138.7039,586.27,857.763,340.149,210.82,139.18,491.05,682.5473,399.1256,1244.1721,949.232,54.510281,1931.34,118.96,307.0944,104.55,152.07,939.535,187.7668,621.8849,2159.212,234.98,81.52419,398.8403,421.6665,2202.98,178.98988,563.168,406.94,259.072
"2014-04-21",1271.78,197.32,203.3448,505.343,288.43,148.92,188.943,437.985,336.686,10623.28,293.44,391.36,284.22,2597.401,367.7499,2644.76,701.8181,714.93,2098.51,140.9592,558.57,871.705,330.7125,212.1,139.53,488.14,679.0295,402.9634,1323.5415,985.636,55.22007,1936.14,114.66,305.7606,102.89,154.46,928.906,194.0915,618.8503,2142.068,231.31,80.6502,406.4572,429.5087,2065.89,179.54747,499.146,456.99,265.387
"2014-04-28",1248,184.56,196.39,501.908,287.95,147.44,178.221,439.839,320.822,10377.58,293.44,399.16,279.81,2704.191,359.5648,2599.68,689.8822,705.78,2097.08,129.0941,540.91,888.133,327.6311,209.08,133.32,469.53,688.4592,400.0726,1238.8777,1003.316,54.855579,1864.08,110.74,313.7154,101.97,151.38,909.167,190.643,626.7104,2145.176,222.82,77.83399,371.4195,437.3261,2022.53,167.74492,508.038,433.18,265.93
"2014-05-05",1301.73,203.28,201.4967,511.427,306.55,152.78,191.759,461.898,304.909,10615.05,293.53,389.43,292.46,2685.076,359.371,2691.42,663.7105,744.85,2114.96,141.3024,535.91,862.443,332.7346,230.14,134.91,505.82,665.312,424.0211,1316.4821,959.512,54.04987,1954.6,114.32,331.4828,104.21,159.71,977.25,202.2824,620.9397,2098.017,227.29,78.27099,396.7457,422.7727,2065.89,170.34706,494.052,472.74,259.27
"2014-05-12",1388.16,223.44,218.2273,526.491,330.26,171.89,228.866,524.936,325.896,10612.86,298.39,385.41,327.29,2377.744,396.858,3033.69,661.0231,792,2286.89,138.4587,558.57,863.613,343.7118,244.62,141.52,553.48,679.4468,451.3838,1399.8224,952.212,55.699661,2130.08,127.33,365.9696,116.55,179.06,1066.856,224.9889,610.3934,2098.843,252.02,88.27336,419.7868,433.7449,2318.76,199.7605,483.333,532.26,270.716
"2014-05-19",1339.58,226.12,207.3816,530.465,350.86,175.64,268.937,528.834,338.607,12805.39,305.49,385.06,377.03,2280.734,412.0659,2967.2,649.3536,777.19,2240.68,149.0981,539.86,908.607,330.3754,243.87,138.89,552.74,656.3535,437.7772,1484.4373,917.645,55.680477,2361.38,155,388.6432,127.62,202.45,1114.502,256.2911,581.3412,2066.934,254.75,102.74281,455.3007,425.1288,2255.14,248.92232,471.029,549.62,270.272
"2014-06-02",1396.66,255.86,224.6958,495.922,371.4,166.43,259.648,597.196,350.677,11877.41,328.22,393.25,370.16,2325.534,408.8693,3277.08,642.8893,809.17,2558.82,165.9642,614.07,911.727,330.096,292.23,139.88,536.15,678.9337,449.9384,1658.0302,941.335,57.215172,2367.52,160.13,443.6125,124.93,199.15,1109.51,270.5644,596.6136,2043.963,282.81,107.98677,533.8025,454.5926,2657.07,284.84109,489.437,573.98,271.16
"2014-06-09",1431.46,229,216.8168,532.085,360.7,164.41,234.943,541.717,328.409,11800.57,319.9,411.07,368.93,2415.531,402.4278,3494.93,696.758,829.17,2472.31,159.1981,617.13,955.161,326.0764,280.84,134.42,527.88,720.5209,457.0158,1653.0297,976.795,55.35125,2378.7,148.37,402.6475,130.1,186.27,1069.475,257.5388,626.5114,2170.763,292.34,100.65494,500.3357,481.0559,2749.75,269.04242,509.865,522.57,262.526
"2014-06-16",1396.37,230.99,212.2451,562.2,370.29,162.39,235.981,525.363,333.779,11787.31,325.85,422.53,366.09,2409.851,425.3364,3461.21,699.1791,815.82,2404.54,160.62,607.01,944.778,329.1156,274.65,137.99,549.49,749.821,463.9187,1615.7717,992.738,56.084122,2342.13,146.73,397.7413,129.03,185.64,1024.597,255.0898,628.1033,2248.089,314.59,98.22718,495.0038,478.1296,2709.47,271.17987,516.017,537.12,280.682
"2014-06-23",1387.73,229.79,210.7374,578.271,378.79,165.48,241.564,541.67,326.832,12957.18,316.61,433.7,360.88,2522.025,442.5785,3376.19,717.337,810.11,2501.73,157.7763,600.48,951.651,313.4784,272.25,129.7,565.89,728.7502,431.6219,1634.7439,1041.309,56.57592,2429.52,147.31,391.7394,133.17,185.61,1000.477,260.6051,657.5036,2353.168,296.66,100.80061,494.0517,505.8904,2578.79,268.81009,529.759,527.42,285.024
"2014-06-30",1408.35,273.64,217.595,582.178,384.09,171.18,259.796,570.241,334.272,13543.31,318.49,446.01,373.48,2645.906,450.4246,3351.58,716.8044,850.26,2525.85,169.8865,607.69,1001.634,326.8607,287.62,134.12,564.21,733.848,440.4869,1708.6715,1081.14,57.742733,2615.4,153.41,401.8377,140.64,191.18,1020.099,266.4464,706.2057,2363.906,310.51,104.0538,510.9041,503.558,2583.86,285.1936,530.536,551.57,295.187
"2014-07-07",1382.87,246.97,208.6461,562.595,360.43,153.03,220.614,533.588,330.577,12765.92,311.45,432.81,343.68,2686.227,441.2224,3174.66,726.9971,805.74,2378.44,163.5127,623.79,978.449,339.1155,266.73,133.47,531.55,752.0927,428.5785,1543.6089,1046.176,56.035908,2478.96,144.84,377.4017,129.42,170.59,955.4,239.5015,740.2823,2348.167,295.6,99.00406,477.8658,487.8509,2472,274.44568,536.455,505.2,295.818
"2014-07-14",1418.3,286.3,213.7528,574.068,79.2,163.63,235.832,554.315,331.316,13336.51,313.77,438.12,355.9,2639.031,431.0999,3299.13,726.4402,826.24,2448.18,181.0162,605.4,971.875,337.3508,291.08,137.35,537.24,735.1149,467.2746,1653.569,1080.693,55.071602,2498.71,144.84,391.0725,133.71,181.22,965.533,253.0554,738.4915,2394.013,320.65,102.79137,546.9373,504.9622,2535.13,278.88504,530.827,547.9,292.936
"2014-07-21",1397.73,266.19,206.1171,630.392,79.23,168.57,224.369,562.445,349.593,13213.22,280.47,442.39,357.23,2729.295,414.3906,3256.08,766.1942,829.27,2516.8,188.0764,644.33,1055.666,350.2919,290.14,148.52,544.08,757.8695,471.6935,1625.6255,1125.415,55.409107,2483.56,144.12,382.1174,131.47,180.18,1010.115,246.9377,778.2392,2555.382,294.6,98.92609,541.6913,537.7748,2468.24,273.13724,539.641,533.55,287.272
"2014-07-28",1349.22,258.43,199.5435,617.634,383.91,174.72,221.454,548.943,374.473,13454.71,284.15,439.26,340.17,2744.016,410.3707,3180.94,733.7035,809.37,2538.16,180.722,675.33,1027.884,342.6939,290.14,156.82,545.77,755.4053,462.007,1440.0217,1160.774,55.823761,2559.48,136.18,368.0655,126.59,185.99,965.088,240.6816,764.907,2472.504,301.3,93.37286,533.0938,525.5573,2464.35,264.25854,524.902,530.78,287.222
"2014-08-04",1412.1,261.27,199.6417,611.156,368.04,168,218.292,538.675,368.512,13584.87,283.15,435.48,337,2767.34,394.8238,3224.24,742.2014,790.21,2562.92,180.3788,683.22,1015.327,341.7135,282.57,158.9,530.95,787.3613,465.1526,1414.6276,1155.843,58.060951,2595.7,133.47,375.544,128.64,176.41,969.24,238.7806,756.5496,2435.461,295,89.78537,522.3591,540.7267,2467.3,250.94046,536.703,515.94,269.932
"2014-08-11",1452.51,271.54,206.9522,611.007,374.79,171.72,210.436,583.172,359.841,13584.18,289.46,447.35,337.76,2740.982,412.3565,3288.65,744.7193,820.53,2482.62,175.1326,694.99,1111.576,349.8508,290.93,155.92,542,816.7302,476.0125,1469.1804,1178.702,55.399467,2639.2,139.19,390.6915,129.91,177.58,991.432,233.3048,810.7238,2456.144,331.7,89.04822,526.2449,531.3513,2624.83,269.44556,534.646,535.29,268.293
"2014-08-18",1491.3,296.76,207.2957,603.491,399.59,179.85,224.814,638.936,363.067,14703.12,295.64,497.9,338.33,2810.905,419.476,3422.91,772.1984,840.43,2508.23,178.9569,685.55,1032.777,336.9096,302.7,154.68,564.65,814.1185,514.6587,1524.5186,1245.586,59.565273,2726.6,139.63,406.8393,130.83,192.03,986.835,249.3226,852.3122,2421.214,362.2,92.09512,522.4077,569.8303,2643.58,272.52975,545.418,577.89,287.272
"2014-08-25",1463.98,281.96,202.4383,617.337,394.08,170.4,238.056,660.139,367.741,14760.33,296.41,512.76,337.43,2932.102,435.4161,3379.44,789.6301,837.26,2575.82,166.7977,721.47,1062.339,348.3311,306.1,160.84,578.58,813.6212,518.054,1511.1542,1280.297,60.066715,2767.92,134.63,414.4131,126.01,184.95,987.231,243.0023,850.9193,2478.35,377.7,85.11673,498.5095,583.8021,2542.57,259.02475,553.546,566.16,271.969
"2014-09-08",1504.88,292.57,210.7792,664.414,413.62,184.69,219.592,665.687,411.695,14787.43,295.51,611.04,338.94,2942.794,454.2704,3627.18,784.909,849.32,2727.86,166.3185,736.8,1038.413,348.6743,307.59,172.76,625.86,829.6955,533.832,1562.8295,1353.605,57.764877,2954.11,134.97,408.5929,133.12,192.01,1003.937,259.7608,803.4206,2562.113,388.25,87.81963,501.2296,604.2467,2631.61,271.50171,563.095,626.49,281.906
"2014-09-15",1476.24,284.05,211.0245,662.139,404.4,185.64,225.363,640.449,412.64,14777.37,294.82,626.34,327.67,3205.678,441.2099,3666.77,810.3544,853.83,2918.57,162.0767,717.87,1054.182,352.3507,309.12,172.54,624.37,836.9645,531.0858,1517.0443,1395.289,58.259254,3064.05,135.46,385.0963,134.8,190.82,984.018,253.5986,804.4671,2666.853,368.05,86.4436,496.4208,612.2752,2633.81,265.05295,576.217,576.41,311.418
"2014-09-22",1407.68,279.07,208.0807,622.174,386.44,175.34,204.319,623.104,402.795,14722.55,287.44,610.24,329.85,3205.181,435.4652,3578.24,829.9408,865.15,2864.67,155.1221,732.12,1026.45,364.4095,290.59,165.62,618.87,832.0124,511.4631,1461.1619,1374.074,57.842422,3019.91,136.54,392.7697,134.95,174.58,922.532,241.4766,803.9189,2637.18,355.15,82.85612,460.7193,611.0399,2638.24,257.01538,576.413,567.65,300.488
"2014-09-29",1365.01,274.28,206.7069,626.439,376.92,175.7,198.449,636.162,400.955,14752.95,280.29,622.55,326.53,3183.249,430.9972,3475.43,842.603,861.52,2842.97,153.1492,715.48,1038.462,356.9586,280.94,166.22,596.12,869.8024,505.1219,1432.3049,1381.295,57.774567,2953.26,136.25,384.0002,133.91,171.51,916.552,239.3139,857.9388,2727.182,343,79.41608,435.9954,622.7881,2640.98,252.94986,603.001,551.71,311.518
"2014-10-06",1376.44,258.08,207.4919,657.726,376.18,167.98,220.488,653.117,390.116,14666.34,263.73,590.74,317.67,2982.779,436.0053,3406.25,841.3198,860.83,2809.4,148.1182,701.56,995.01,346.1743,286.86,152.17,617.83,879.1503,500.753,1447.0056,1322.778,54.944004,2948.54,138.4,385.287,134.01,175.54,949.618,242.0642,818.6199,2631.776,324.6,81.38182,435.2668,577.8854,2474.08,233.41669,572.594,567.15,316.884
"2014-10-13",1379.92,249.56,203.4687,634.769,398.4,170.49,225.612,649.706,393.745,14260.11,254.91,593.93,332.26,2902.959,439.8351,3262.11,728.9824,878.65,2841.93,137.563,707.26,985.865,347.0076,295.95,153.57,655.55,898.2961,499.33,1438.2942,1341.802,54.4884,2923.59,138.11,378.5192,132.09,179.42,927.129,249.0461,795.6964,2398.566,309.7,83.49499,434.7811,561.5667,2310.96,217.52847,554.183,592.14,320.362
"2014-10-20",1445.79,268.15,212.8399,638.636,421.06,173.6,240.487,671.144,407.17,14850.12,266.73,626.64,334.54,3021.471,474.3522,3375.01,738.6587,886.98,3080.84,146.4412,736.31,1019.084,342.1547,308.89,159.59,678.54,885.3298,530.7612,1538.1302,1383.386,57.173557,3158.28,143.6,380.7592,137.7,181.97,934.79,254.3145,803.5701,2409.08,322.45,86.34532,444.1072,576.8231,2394.16,233.36996,571.566,614.81,337.552
"2014-10-27",1470.55,284.75,223.3887,651.528,435.89,181.74,255.412,706.224,396.679,14850.92,263.13,664.69,351.12,3151.321,519.2784,3489.56,785.1041,905.05,3030.16,161.4848,724.59,1093.384,348.2331,319.83,162.08,712.54,944.8458,558.3478,1638.8079,1363.615,56.049088,3317.38,147.08,386.1925,143.61,181.58,989.059,26.6911,842.59,2567.538,334.6,92.24255,476.02,622.0222,2540.98,239.02429,552.029,677.46,342.073
"2014-11-03",1479.87,291.98,217.7954,640.719,465.31,188.18,247.75,739.744,388.674,15142.34,253.99,648.33,326.48,3378.945,476.3162,3570.23,790.1074,892.74,2855.48,153.9877,745.1,1087.303,348.6743,331.24,167.56,721.86,971.7505,560.6696,1637.1746,1413.716,58.045994,3268.77,141.54,390.482,142.73,183.41,969.24,27.0831,891.3274,2533.079,327.45,89.78537,457.9507,655.1153,2554.39,231.63713,541.991,669.19,369.549
"2014-11-10",1481.93,296.31,225.7928,666.601,473.1,198.42,244.616,716.065,386.188,16507.66,247.03,607.5,337.62,3416.642,480.8824,3550.58,786.2267,923.16,2931.42,155.1714,743.13,1114.097,361.9585,332.74,161.73,723.5,977.5904,545.9901,1605.3477,1438.218,60.149529,3309.73,140.22,374.8493,141.94,183.09,958.02,27.531,883.8025,2566.159,323.35,87.27905,464.5081,651.7435,2608.33,225.42627,552.224,682.36,373.772
"2014-11-17",1436.91,302.09,221.7205,686.385,473.15,203.08,250.984,705.931,399.314,18306.62,249.66,625.3,328.71,3511.878,467.1836,3523.92,801.8224,925.89,2994.66,158.1309,740.04,1121.561,368.7722,340.29,171.39,707.88,966.9834,598.7416,1649.5488,1457.441,61.390327,3335.07,139.78,365.3649,144.35,190.64,986.242,301.6914,838.2046,2581.617,333.25,86.59104,449.6931,661.2187,2483.4,223.07367,560.255,695.77,372.728
"2014-11-24",1447.11,289.33,225.5966,738.497,477.36,212.57,282.376,727.174,380.171,18856.47,240.34,633.37,336.38,3586.924,479.4095,3536.96,811.4385,950.01,3112.39,171.6948,771.94,1147.514,356.0272,68.99,158.05,744.96,508.4093,600.4143,1622.8698,1474.573,62.92194,3326.28,139.82,361.6474,140.56,41.83,980.212,317.3932,836.9089,2602.145,339.4,91.40711,459.845,652.2504,2476.97,217.66269,573.671,702.65,379.535
"2014-12-01",1468.49,283.65,232.5146,778.115,494.57,215.97,270.834,691.899,365.752,20475.43,239.64,645.49,337.85,3377.303,460.8989,3466.23,779.4418,935.72,3151.55,160.9916,804.67,1102.232,383.6741,353.72,152.37,782.03,965.6866,619.338,1612.1288,1468.398,60.440342,3389.8,138.21,348.2072,134.7,43.77,946.355,313.5912,818.8192,2539.084,346.75,87.77049,447.9931,646.8388,2477.96,227.44951,566.865,742.88,379.386
"2014-12-08",1402.58,276.57,221.5733,767.851,479.54,207.19,246.109,650.535,346.013,19534.89,223.4,639.11,345.24,3359.649,416.66,3342.93,738.2926,924.55,3090.14,151.4722,782.93,1057.396,387.9388,340.45,142.01,771.87,904.2788,622.7832,1495.7605,1444.094,60.763832,3359.18,130.27,321.3267,132.78,42.76,872.217,307.4685,840.5468,2412.817,335.65,82.85612,391.2107,639.5269,2504.14,202.84129,531.904,691.71,359.065
"2014-12-15",1353.98,288.98,220.9355,726.895,486.34,203.42,257.75,637.039,341.19,18606.11,221.88,617.22,356.28,3182.304,427.2656,3358.1,775.7319,934.43,3039.9,155.6647,740.58,1102.331,361.5663,349.98,145.65,763.1,932.2657,617.2908,1519.7173,1412.421,60.987946,3339.4,132.77,338.0256,133.76,218.52,890.208,300.3583,805.1647,2471.742,329.55,81.97154,393.8823,637.2657,2491.03,195.97169,539.151,720.96,378.641
"2014-12-22",1366.83,288.29,221.8186,720.995,490.51,208.86,250.288,629.194,352.327,18475.85,223.17,621.06,358.51,3117.304,429.7697,3364.42,763.7485,941.57,3061.96,149.9432,736.95,1103.518,360.7331,345.02,149.48,777.37,910.6225,625.6542,1475.2191,1401.365,62.410576,3313.26,136.49,333.1891,135.04,216.77,878.642,303.8146,808.4539,2466.278,329.05,79.76008,386.8877,634.1281,2595.32,195.17181,536.066,733.38,374.517
"2014-12-29",1398.61,318.34,226.6269,768.595,510.2,42.87,273.918,627.928,363.017,19474.39,222.76,628.39,361.73,3204.136,436.5945,3477.27,783.5664,958.1,3063.64,157.9336,742.1,1158.637,361.0762,356.17,159.24,808.3,939.0524,634.8914,1519.2223,1426.614,64.008598,3339.6,141.49,337.7838,136.67,214.38,875.38,311.3199,823.5036,2539.577,341.95,81.92239,399.031,644.1459,2734.06,209.00511,545.761,784.05,378.541
"2015-01-05",1371.73,330.1,219.6107,805.733,491,41.47,253.472,661.984,353.819,19385.19,224.23,630.58,355.38,3146.845,427.462,3386.6,754.4252,968.37,2958.96,152.9026,847.4,1100.7,349.8997,336.07,146.99,792.44,967.6177,679.5292,1485.1681,1415.06,64.232712,3447.55,137.42,339.5249,136.37,201.5,850.42,299.4201,827.291,2473.465,342.3,78.4332,388.2477,662.207,2721.35,195.21887,542.04,755.99,358.519
"2015-01-12",1489.29,329.81,234.8697,836.425,510.69,42.27,272.476,642.447,340.941,21369.83,213.94,645.54,359.17,3268.191,417.2983,3617.33,800.0407,993.88,2865.47,136.6752,924.88,1181.03,353.037,347.87,151.18,824.3,988.0762,696.7053,1575.7483,1422.381,61.523865,3595.07,137.57,335.7524,145.14,199.99,859.712,311.5174,846.9255,2493.008,339.8,81.28352,372.4613,695.9543,3061.1,181.57378,543.558,794.39,383.41
"2015-01-26",1530.58,339.97,244.0937,850.606,583.41,188.83,290.286,729.708,371.619,23744.55,214.87,693.8,341.93,3215.923,415.3835,3863.57,874.6022,1069.31,2833.62,137.8096,915.41,1248.211,361.3213,354.6,154.21,863.36,999.0842,660.1811,1683.4546,1579.007,62.244926,3625.63,140.76,339.8635,145.78,184.97,904.739,305.0984,914.6995,2448.573,363.35,88.94994,379.3102,708.6907,3131.14,189.85493,599.08,853.58,374.368
"2015-02-02",1478.35,299.25,243.6031,791.007,558.66,172.01,262.824,712.265,366.2,22962.78,234.48,653.22,344.91,3027.986,411.9465,3784.94,962.2446,1045.64,2745.42,145.3068,888.52,1266.057,366.1742,323.78,154.41,837.29,1040.4115,632.5696,1666.6255,1561.477,62.098766,3481.75,137.9,339.5249,141.3,166.25,899.45,286.6809,923.7692,2541.009,337.35,80.6938,358.1322,706.6777,2999.53,198.18315,635.328,802.46,359.264
"2015-02-09",1593.95,334.29,260.1377,819.864,576.46,178.86,258.048,706.37,353.023,24862.9,238.26,665.38,358.04,3326.03,396.922,3839.6,981.074,1057.85,2821.16,151.4722,876.11,1254.292,370.6349,338.04,154.02,866.68,1071.0106,653.84,1645.4406,1672.783,62.673664,3595.42,141.1,328.4492,149.23,163.52,906.963,303.1234,937.4237,2504.508,346,82.95441,356.0921,713.1506,3103.38,199.54765,652.563,826.46,361.599
"2015-02-23",1641.42,345.16,264.4062,800.427,562.63,176.95,270.103,725.225,353.222,26500.3,231.15,667.98,374.52,3260.483,399.377,3725.51,995.3745,1046.14,2642.87,153.0505,870.27,1332.151,385.978,329.58,154.11,855.97,1056.8585,667.9453,1741.2673,1730.603,62.089024,3582.94,156.07,314.1331,154.74,162.05,845.725,296.1613,875.9786,2626.441,358.6,85.80475,340.6457,700.6,3116.64,204.25285,646.241,812.36,346.744
"2015-03-02",1666.14,332,271.4571,826.955,611.88,179.93,269.554,756.505,345.963,26617.4,220.73,737.43,363.95,3423.057,398.5855,3764.75,1016.5422,1077,2580.42,146.0959,921.5,1379.014,339.4586,341.87,149.43,905.29,1048.3878,705.1436,1807.6929,1830.853,61.367962,3656.85,155.77,309.49,152.82,159.27,874.787,290.1373,1035.2972,2660.081,354.8,83.839,333.4568,711.0743,3180.2,197.71263,659.575,847.89,339.838
"2015-03-09",1603.65,305.28,254.2272,801.667,565.45,174.99,254,712.704,398.021,26525.41,208.22,701.88,365.1,3358.455,383.1031,3650.16,495.3736,1034.87,2580.97,129.9179,924.54,1313.02,332.743,324.62,181.35,867.47,1035.7004,669.6929,1675.1389,1869.897,62.045033,3628.96,157.05,303.6378,145.05,161.95,840.337,277.25,1008.2375,2547.52,337.7,78.33491,317.1848,348.1565,2938.26,184.06754,631.377,795.09,342.024
"2015-03-16",1557.76,307.18,253.4328,803.204,551.81,168.79,245.027,708.465,378.133,27275.99,207.99,697.84,368.25,3408.237,373.507,3596.39,964.7552,1048.02,2580.92,130.2631,880.77,1323.302,321.0274,313.21,174.08,879.66,1052.9777,668.9189,1653.5581,1898.733,64.610657,3602.27,143.31,301.1712,146.63,158.83,844.291,274.7812,1023.2375,2575.734,327.2,77.59776,319.322,670.3223,2846.68,177.19794,644.612,823.49,351.315
"2015-03-23",1537.61,304.04,248.7157,771.669,542.04,157.35,232.115,730.438,374.404,25127.8,198.81,692.06,348,3397.097,375.1888,3550.14,947.9687,1007.08,2547.49,132.1374,835.24,1250.249,311.2726,309.23,171.59,870.59,1027.1831,648.6722,1660.8837,1947.04,62.329014,3588.56,143.41,298.7817,143.22,143.13,802.378,260.3138,1007.8389,2480.881,316.2,73.61713,306.11,638.3034,2793.64,177.19794,604.611,807.6,335.366
"2015-03-30",1573.78,309.97,258.4478,814.856,565.11,165.12,230.021,783.643,400.06,25485.11,196.87,707.62,363,3514.713,380.6793,3674.58,926.3087,1025.54,2626.31,130.4111,865.95,1323.866,325.9294,317.69,188.87,917.23,1014.0292,679.5792,1716.8157,2029.412,66.441849,3623,145.53,300.2513,144.9,148.2,826.449,270.041,1077.5564,2508.355,338,76.17259,314.416,625.2587,2875.25,178.89182,625.401,839.03,338.695
"2015-04-06",1623.55,318.79,256.5113,852.292,563.52,170.3,233.91,799.088,409.656,25981.84,205.82,699.19,389,3777.05,394.8757,3772.71,952.3007,1034.87,2555.11,136.034,913.74,1277.627,339.8508,312.92,195.25,937.16,1042.0161,710.2115,1746.2666,1956.403,67.724663,3644.77,153.31,303.4846,151.08,159.57,893.964,282.1877,1116.0281,2617.957,351.2,77.54861,332.9225,652.4352,2960.35,189.80788,610.092,833.93,344.955
"2015-04-13",1510.02,321.73,245.1406,809.997,529.44,173.63,234.159,777.455,403.69,25488.99,212.61,678.5,380.4,3627.605,384.686,3627.97,925.5703,1010.65,2383.69,137.8589,919.04,1293.815,344.9488,304.86,196.14,868.17,1016.5015,692.3114,1722.2604,1763.023,65.0709,3625.09,155.63,323.325,148.51,159.22,916.206,288.1129,1034.3007,2441.47,341,79.07207,336.1284,633.5104,2800.91,198.18315,579.622,801.07,334.422
"2015-04-20",1519.9,315.3,231.7341,764.926,523.04,170.25,233.311,760.549,396.927,21884.9,201.76,635.87,376.25,3465.478,364.2076,3643.74,887.0516,998.94,2326.63,129.3753,872.97,1232.872,341.1253,303.04,181.85,825.05,930.6564,683.1741,1661.7251,1750.175,65.599693,3520.32,147.55,310.441,144.3,153.71,868.806,272.1148,944.251,2459.424,319.7,76.76231,359.9294,580.5903,2699.01,192.96037,516.756,815.47,318.772
"2015-04-27",1422.74,316.55,230.7906,756.1,563.27,165.22,237.35,745.201,378.978,22428.47,196.96,634.22,362.75,3292.51,356.4417,3570.38,870.8326,981.42,2302.99,126.8598,833.67,1158.463,316.0274,325.55,174.28,816.72,905.958,665.5237,1614.9008,1765.514,63.719543,3703.67,148.04,297.8509,140.69,155.81,852.446,266.3871,935.7293,2430.47,311.3,74.50172,350.069,614.0421,2664.27,197.61852,531.966,830.81,310.077
"2015-05-04",1437.43,334.04,231.5851,753.075,536.49,141.85,230.669,728.928,395.734,21536.47,190.27,652.87,363.7,3332.495,365.1475,3474.73,915.2866,974.67,2275.06,137.0697,877.92,1173.662,321.5666,311.64,169.3,802.35,913.2812,663.826,1585.1527,1763.322,64.571487,3589.05,139.87,309.1183,138.52,142.11,889.7,258.6844,937.1247,2493.163,309.2,71.94624,356.2378,614.0916,2690.09,205.33505,533.843,817.6,307.493
"2015-05-11",1460.9,327.96,233.0747,783.718,557.57,156.57,230.27,747.442,389.817,22792.15,184.6,681.44,366.9,3477.712,376.0791,3531.53,903.8146,982.71,2501.56,135.1461,829.4,1222.129,319.998,307.07,172.99,825.39,915.0537,671.3406,1575.9462,1677.564,65.149239,3649.34,134.06,312.4495,138.57,143.76,873.95,283.8665,943.2044,2477.28,314.5,71.74967,353.712,611.0774,2797.18,197.61852,531.818,840.81,299.146
"2015-05-18",1507.59,348.95,239.9269,768.942,564.11,151.92,233.311,762.303,392.701,23068.62,181.6,672.02,374.75,3623.129,392.8476,3621.26,973.2894,1016.66,2574.49,135.0475,846.77,1275.349,322.6941,308.3,166.81,845.32,954.5572,692.6859,1636.828,1728.312,66.696449,3680.51,133.32,316.5156,139.46,146.2,903.85,278.9288,1000.4136,2582.59,315.3,74.64914,331.5625,659.2047,2966.68,195.21887,553.597,866.85,317.43
"2015-06-01",1423.54,311.3,220.2641,752.48,544.03,156.66,246.024,833.826,413.286,21903.73,172.65,620.91,405.35,3397.296,382.0149,3390.98,918.748,1004.2,2577.65,118.5242,814.38,1189.504,304.3,284.1,178.07,826.78,938.3342,677.2324,1666.6749,1769.547,67.81279,3737.07,137.95,301.9659,143.36,140.16,907.75,257.8,845.0817,2564.731,285.1,69.43992,302.2241,546.9902,2798.02,171.97516,548.955,823.4,334.472
"2015-06-08",1391.44,312.05,216.9372,699.773,547.05,143.66,247.569,816.092,412.49,20216,166.79,580.02,396.1,3299.771,391.9078,3337.61,886.4583,1001.62,2503.55,115.1702,798.58,1178.662,297.55,295.95,169.75,800.46,474.6473,654.6389,1640.7877,1714.766,68.523354,3714.55,134.45,294.3237,143.86,128.65,889.85,253.95,810.8458,2494.983,266.6,71.40566,289.0607,544.9643,2740.44,173.15146,530.732,805.45,331.59
"2015-06-15",1414.26,304.6,225.0308,733.837,547.15,142.1,240.54,814.289,431.583,21037.54,165.87,604.95,393.65,3366.611,391.8089,3366.36,908.0671,1022.81,2551.45,119.1654,850.69,1224.654,305,304.55,174.78,825.84,986.2795,664.075,1698.8481,1809.588,68.759605,3913.91,134.01,312.6945,138.52,130.5,996.65,260.15,843.1381,2538.544,269.5,71.06166,296.2496,537.7501,2794.53,164.96442,554.634,829.9,337.95
"2015-06-22",1409.99,311.2,225.428,748.254,560.99,144.55,250.212,840.014,415.623,21732.01,168.08,617.57,411.4,3511.182,395.2219,3379.24,946.6862,1054.92,2539.2,115.4168,879.06,1275.151,307.95,311.7,171.59,858.9,996.0893,690.15,1762.7987,1834.289,68.759605,4045.72,135.63,306.8648,137.63,135.9,1000.7,265.2,864.3175,2581.607,268.7,72.58511,290.1293,515.663,2906.15,164.54095,551.769,850.75,356.979
"2015-06-29",1469.09,320.8,240.6718,770.645,581.28,150.8,258.338,879.771,432.677,22911.35,169.05,629.78,417.5,3568.523,381.1245,3488.26,954.2518,1074.25,2576.65,109.1034,916.4,1303.073,315.6,314.55,180.46,890.64,981.2756,357.2125,1789.1313,1893.404,66.38723,3975.09,136.76,302.9457,140,142.3,1007.2,269.4,868.1049,2592.659,259.8,73.0274,292.6066,466.0534,3055.67,162.78712,542.782,871.35,367.064
"2015-07-06",1460.95,317.1,240.2745,793.185,578.1,156.45,267.81,859.21,416.965,22995.37,162.89,646.19,419.95,3750.5,357.0353,3577.54,915.4349,1090.75,2571.55,103.1846,893.49,1270.696,309.9,313.15,174.18,890.89,928.9567,709.4,1857.5367,1863.722,65.442215,3910.98,127.9,287.9552,137.18,145.1,1001.8,270.55,898.5533,2463.669,238.45,70.27536,272.8857,468.4252,3120.62,141.21759,541.893,809.85,361.15
"2015-07-13",1474.65,329.3,248.8646,823.205,602.1,156.25,285.707,915.63,423.479,23678.77,164.77,683.28,430.15,3877.05,367.8185,3677.41,944.8566,1110.55,2649.4,105.7494,916.74,1326.65,322.3,317.45,180.66,930.82,992.7203,733.15,1852.7849,1973,71.181198,4168.04,133.51,286.8774,139.7,144.8,1021.7,271.1,944.5001,2553.33,238.1,74.6,275.9459,496.2441,3214.15,140.73398,561.35,824.55,377.3
"2015-07-20",1408.8,323.9,238.487,846.742,580.45,155.75,279.525,940.868,431.484,23177.26,168.68,676.2,426.05,3908.9,357.2332,3653.54,942.137,1107.85,2740.4,107.8703,899.39,1358.75,314.55,300.6,178.02,952.18,1077.6888,724.7,1784.2311,1672.1,68.848206,4208.99,135.93,277.1287,140.54,139,1025.05,263.25,833.4205,2499.697,245.75,71.8,265.05,511.05,3195.01,128.25653,566.75,808.15,391.05
"2015-07-27",1387.4,325,232.3,880.452,573.5,177.5,277.531,903.06,416.468,24587.12,166.89,707.07,439.05,4076.1,351.149,3696.66,987.2338,1111.65,2682.7,103.7765,913.42,1340.4,326,302.4,172.64,973.49,1067.2351,695.4,1773.2427,1696.7,67.981934,4305.66,133.02,267.184,140.49,151,1001.85,270.05,819.6664,2505.285,260,68.45,246.9,530.7,3139.92,125.88677,569.85,828.95,398.8
"2015-08-03",1399.65,339.55,228.5,896.26,580.3,185,265.367,931.075,409.308,25949.25,160.96,713.15,414.7,4258.85,338.1893,3788.62,933.9199,1092.65,2661.85,108.0676,898.45,1298.45,324.45,310.15,166.26,944.7,1085.616,705,1815.0184,1694.4,65.855659,4426.44,131.84,277.1287,138.12,159.9,984.35,281.3,849.1182,2546.495,268.05,69.1,262.05,535.15,3193.06,125.20971,569.1,821.45,410.4
"2015-08-10",1372.05,363.75,226.3,892.869,570,184.4,260.731,851.415,395.1,25302.32,150.24,739.6,377.55,4257.75,333.5396,3684.22,968.0714,1101.8,2712.45,91.8895,865.07,1299.95,318.15,302.6,160.59,959,1138.7771,717.7,1781.4098,1793.45,62.370918,4545.28,127.7,264.9305,136.88,166.25,966.95,268.5,894.7161,2697.316,244.4,69.7,237.6,555.05,3103.9,103.68853,575.25,796.8,419.8
"2015-08-17",1406.45,365.05,227.05,884.391,525.3,199.65,248.118,866.909,369.55,24122.2,136.74,697.4,348.65,4244.05,308.0159,3606.14,959.3222,1061.3,2555.05,84.8363,874.4,1228.35,330.75,296.5,151.87,905.6,1139.4211,688,1722.5079,1877.8,58.266014,4540.16,121.55,250.7728,131.99,159.35,907.95,267.5,934.7825,2670.325,237.5,68,237.25,563.05,2972.9,91.64635,576,692.15,383.2
"2015-08-24",1362.8,362.65,206.1,855.967,508.15,185.2,233.91,860.95,362.5,23670.3,140.5,659.85,357.55,4180.75,289.05,3431.71,946.6956,1027.95,2398.6,80.5451,849.8,1201.9,327,283.7,153.32,846.4,1100.9253,647.45,1600.2,1860.85,58.078979,4205.85,119.77,238.7216,133.72,143.25,872.4,248.95,883.5035,2565.254,245.55,61.05,228.95,516.3,2946.75,93.19394,563.6,676.7,387.8
"2015-08-31",1345.4,339.35,211.5,810.688,468,174.25,205.593,850.6,350,21819.7,141.66,649.55,347.5,4052.85,280.85,3374.7,934.8644,996.05,2290.85,72.9,823.47,1141.6,317.1,257.75,148.49,840.05,1064.1632,606.3,1533.85,1859.6,57.488346,4063.3,114.5,220.9877,122.29,130.75,835.9,225.15,854.8491,2541.905,223.85,56.55,218.9,529.3,2915.1,90.24385,554,647.2,360.4
"2015-09-14",1375.2,339.7,209.75,838.813,517.45,190.3,208.25,869.55,356.9,21879.4,138.47,652,343.35,4005.85,287.25,3496.9,945.0552,1049.75,2428.5,75.9,793.47,1207.05,318,277.85,147.25,919,1094.3853,657.4,1540.6,1898.85,53.54623,4400.85,126.8,234.8823,133.5,138.55,895.4,242,902.1912,2545.697,233.8,64.3,228.1,561.5,2937.95,95.90222,592,771.65,398.65
"2015-09-21",1343.05,301.85,207,804.205,513.95,186.4,198.15,880.9,332.95,20306.8,150.15,643.1,318.4,3970.25,294.75,3432.95,949.4297,1051.4,2381.7,71.4,774.98,1181.85,322.55,268.3,139.25,925.75,1130.1564,654.45,1462.45,1990.35,52.01096,4566.65,122.05,223.3935,125.4,135.85,837.35,239.05,888.9354,2574.783,220.6,65.05,215.15,567.35,2811.1,92.27506,603.05,720.9,394.55
"2015-09-28",1363.1,305.05,209.95,837.417,496.25,181.1,199.35,855.1,339.45,19306.4,153.2,633.55,328.35,4232.95,293.25,3529.15,852.0956,1067.65,2412.05,70.9,807.8,1196.6,328.75,267.1,150,957,1162.3602,640.85,1490.1,2108.85,51.347328,4580.35,123.5,228.156,130.55,132.45,864.7,235.15,888.0384,2638.844,218.3,65.85,212.25,563,2773.45,80.81322,599.75,728.6,400.6
"2015-10-05",1347.35,318.55,209.15,851.529,490.45,182.1,201.9,848.5,347.6,21271.4,168.3,689.55,335.85,4257.85,311.6,3642.9,844.291,1086.15,2564.85,83.95,810.43,1291.7,343.45,286.1,157.95,939,1156.7617,659.5,1546.4,2055.6,50.515308,4276.35,126,258.891,132.55,138.15,887.35,243.45,903.1879,2623.926,245,69.7,251.1,561.2,2818.75,100.20646,592.35,725.65,401.45
"2015-10-12",1393.7,323.7,212.15,880.153,504.65,177.7,213.5,911.25,349.65,21067.6,160.05,679.45,338.6,4264.95,325,3649.05,836.2876,1100.05,2584,87.75,778.15,1311.6,348.8,290.05,150.4,962.4,1094.9,659.3,1604.95,2055.3,49.990349,4450.25,126.8,259.3329,135,138.35,912.15,254.85,886.4935,2468.365,260.9,69.65,252.9,545.8,2954.65,105.04267,577.35,773.2,423.45
"2015-10-19",1400.2,314.15,208.95,856.316,525.65,173.1,209.95,910.2,359.1,21743.4,158.05,682.2,341.9,4188.4,326.25,3647.45,852.95,1108.5,2596.05,85.1,800.05,1337.9,358.35,286.25,140.45,960.15,1149.9,665.2,1510.3,2079.3,47.514107,4380.9,132.65,252.6556,136.35,135.8,955.65,253.4,884.6,2537.15,272.75,70.4,246,540.1,2901,98.90068,567.75,771.15,432.15
"2015-10-26",1379.6,296.25,206.95,830.65,475.4,160.2,198.85,871.1,349.05,20457.5,153.4,690.45,319.9,4279.9,308.45,3712.05,871.7,1099.6,2581.4,84.05,801.85,1256.85,334.65,277,140,911.15,1135.45,687.65,1410.75,1928.9,50.495499,4449,132.8,242.4924,128.75,128.35,947.7,237.05,889.55,2495.2,259.75,68.85,246.6,539.15,2886.1,100,572.85,758.65,408.65
"2015-11-02",1384.05,285.05,209.85,801.2,465.15,167.05,191.45,896.1,339.2,19365.2,150.8,658.15,342.2,3630.65,288.15,3689.05,885.45,1080.9,2639.85,80.9,798.85,1205.4,337.7,267.1,139.3,921.5,1138.3,656.5,1377.25,1857.85,48.435268,4522.8,135.55,246.9112,131.3,132.9,952.4,243,803.4,2505.75,261.2,67.55,220.25,533.45,2793.35,92.25,569.95,758.45,398.45
"2015-11-09",1326.7,267.35,192.65,800.4,484.95,174.2,177.95,906.05,333.9,18986.8,130.7,617.9,337.7,3389.6,282,3623.05,843.4,1052.05,2615.4,77.4,797.05,1178.75,329.8,261.75,130.05,893.15,1100.8,669.6,1331.2,1777.8,38.728401,4619.8,130.8,228.9,130.2,136.85,933.05,240.25,740.6,2397.4,289.9,68.3,222.65,520.05,2680.7,87.25,551.5,738.1,377.35
"2015-11-16",1339.75,269.7,201.95,829.2,459.85,171.9,176.25,916.1,341.35,19049.7,137.05,646.85,333.3,3353.1,349.55,3683.8,866.55,1070.85,2562.85,77.2,798,1205.75,344.45,264.95,136.15,922.2,1052.4,682.3,1366.85,1814.5,38.233154,4737.9,134.15,234.05,130.9,139.5,946.85,242.95,725.85,2398.35,295.9,66.65,230,534.9,2776.45,93.15,569.7,731.2,396.3
"2015-11-23",1353.2,268.25,202.6,859.1,471,179.6,176,901.35,342.2,18863.1,136.7,643.65,336.5,3099.3,368.35,3734.6,872.55,1079.4,2704.45,77.65,817.5,1230.6,344.35,270.05,144,924.25,1066.35,698.75,1365,1812.7,39.609947,4580.05,132.7,235.4,133.5,144.3,979.05,249.7,739.85,2353.35,298.95,66.25,231.25,534.3,2830.95,91.85,569.95,762.7,412.4
"2015-11-30",1334.85,255.55,195.05,834.7,460.5,166.9,168.35,906.5,321.3,18376.3,139.35,645.8,335.25,3195.5,356.05,3719.55,836,1058.9,2617.8,79.05,815.35,1171.6,335.95,261.45,138.7,941.1,1049.05,664.65,1339.85,1804.75,38.946312,4600.35,130.4,227.2,130.75,134.5,965.45,241.1,755.4,2328.4,284.3,64.2,240.25,536.35,2867.1,91.7,569.3,740,395.65
